movie,week_start,google_trends,reddit_posts,reddit_comments,reddit_mentions,weekly_box_office,total_box_office,imdb_tconst,imdb_primary_title,imdb_original_title,imdb_start_year,imdb_runtime_minutes,imdb_genres,imdb_rating,imdb_votes,imdb_snapshot_date
Deadpool & Wolverine,2024-01-29,0.0,0.0,0.0,0.0,,,tt6263850,Deadpool & Wolverine,Deadpool & Wolverine,2024,128,"Action,Adventure,Comedy",7.5,564469,2026-04-15 20:13:39.244396+00:00
Deadpool & Wolverine,2024-02-05,0.0,0.0,0.0,0.0,,,tt6263850,Deadpool & Wolverine,Deadpool & Wolverine,2024,128,"Action,Adventure,Comedy",7.5,564469,2026-04-15 20:13:39.244396+00:00
Deadpool & Wolverine,2024-02-12,0.14285714285714285,1.0,0.0,1.0,,,tt6263850,Deadpool & Wolverine,Deadpool & Wolverine,2024,128,"Action,Adventure,Comedy",7.5,564469,2026-04-15 20:13:39.244396+00:00
Deadpool & Wolverine,2024-02-19,0.0,0.0,0.0,0.0,,,tt6263850,Deadpool & Wolverine,Deadpool & Wolverine,2024,128,"Action,Adventure,Comedy",7.5,564469,2026-04-15 20:13:39.244396+00:00
Deadpool & Wolverine,2024-02-26,0.0,1.0,0.0,1.0,,,tt6263850,Deadpool & Wolverine,Deadpool & Wolverine,2024,128,"Action,Adventure,Comedy",7.5,564469,2026-04-15 20:13:39.244396+00:00
Deadpool & Wolverine,2024-03-04,0.0,1.0,0.0,1.0,,,tt6263850,Deadpool & Wolverine,Deadpool & Wolverine,2024,128,"Action,Adventure,Comedy",7.5,564469,2026-04-15 20:13:39.244396+00:00
Deadpool & Wolverine,2024-03-11,0.0,3.0,0.0,3.0,,,tt6263850,Deadpool & Wolverine,Deadpool & Wolverine,2024,128,"Action,Adventure,Comedy",7.5,564469,2026-04-15 20:13:39.244396+00:00
Deadpool & Wolverine,2024-03-18,0.0,3.0,0.0,3.0,,,tt6263850,Deadpool & Wolverine,Deadpool & Wolverine,2024,128,"Action,Adventure,Comedy",7.5,564469,2026-04-15 20:13:39.244396+00:00
Deadpool & Wolverine,2024-03-25,0.0,1.0,0.0,1.0,,,tt6263850,Deadpool & Wolverine,Deadpool & Wolverine,2024,128,"Action,Adventure,Comedy",7.5,564469,2026-04-15 20:13:39.244396+00:00
Deadpool & Wolverine,2024-04-01,0.0,2.0,0.0,2.0,,,tt6263850,Deadpool & Wolverine,Deadpool & Wolverine,2024,128,"Action,Adventure,Comedy",7.5,564469,2026-04-15 20:13:39.244396+00:00
Deadpool & Wolverine,2024-04-08,0.0,2.0,0.0,2.0,,,tt6263850,Deadpool & Wolverine,Deadpool & Wolverine,2024,128,"Action,Adventure,Comedy",7.5,564469,2026-04-15 20:13:39.244396+00:00
Deadpool & Wolverine,2024-04-15,0.0,1.0,0.0,1.0,,,tt6263850,Deadpool & Wolverine,Deadpool & Wolverine,2024,128,"Action,Adventure,Comedy",7.5,564469,2026-04-15 20:13:39.244396+00:00
Deadpool & Wolverine,2024-04-22,0.2857142857142857,0.0,0.0,0.0,,,tt6263850,Deadpool & Wolverine,Deadpool & Wolverine,2024,128,"Action,Adventure,Comedy",7.5,564469,2026-04-15 20:13:39.244396+00:00
Deadpool & Wolverine,2024-04-29,0.0,1.0,0.0,1.0,,,tt6263850,Deadpool & Wolverine,Deadpool & Wolverine,2024,128,"Action,Adventure,Comedy",7.5,564469,2026-04-15 20:13:39.244396+00:00
Deadpool & Wolverine,2024-05-06,0.0,1.0,41.0,42.0,,,tt6263850,Deadpool & Wolverine,Deadpool & Wolverine,2024,128,"Action,Adventure,Comedy",7.5,564469,2026-04-15 20:13:39.244396+00:00
Deadpool & Wolverine,2024-05-13,0.0,2.0,0.0,2.0,,,tt6263850,Deadpool & Wolverine,Deadpool & Wolverine,2024,128,"Action,Adventure,Comedy",7.5,564469,2026-04-15 20:13:39.244396+00:00
Deadpool & Wolverine,2024-05-20,0.0,2.0,8.0,10.0,,,tt6263850,Deadpool & Wolverine,Deadpool & Wolverine,2024,128,"Action,Adventure,Comedy",7.5,564469,2026-04-15 20:13:39.244396+00:00
Deadpool & Wolverine,2024-05-27,0.0,1.0,62.0,63.0,,,tt6263850,Deadpool & Wolverine,Deadpool & Wolverine,2024,128,"Action,Adventure,Comedy",7.5,564469,2026-04-15 20:13:39.244396+00:00
Deadpool & Wolverine,2024-06-03,0.0,1.0,1.0,2.0,,,tt6263850,Deadpool & Wolverine,Deadpool & Wolverine,2024,128,"Action,Adventure,Comedy",7.5,564469,2026-04-15 20:13:39.244396+00:00
Deadpool & Wolverine,2024-06-10,0.0,0.0,0.0,0.0,,,tt6263850,Deadpool & Wolverine,Deadpool & Wolverine,2024,128,"Action,Adventure,Comedy",7.5,564469,2026-04-15 20:13:39.244396+00:00
Deadpool & Wolverine,2024-06-17,0.0,1.0,1.0,2.0,,,tt6263850,Deadpool & Wolverine,Deadpool & Wolverine,2024,128,"Action,Adventure,Comedy",7.5,564469,2026-04-15 20:13:39.244396+00:00
Deadpool & Wolverine,2024-06-24,0.0,0.0,0.0,0.0,,,tt6263850,Deadpool & Wolverine,Deadpool & Wolverine,2024,128,"Action,Adventure,Comedy",7.5,564469,2026-04-15 20:13:39.244396+00:00
Deadpool & Wolverine,2024-07-01,0.14285714285714285,2.0,2.0,4.0,,,tt6263850,Deadpool & Wolverine,Deadpool & Wolverine,2024,128,"Action,Adventure,Comedy",7.5,564469,2026-04-15 20:13:39.244396+00:00
Deadpool & Wolverine,2024-07-08,0.5714285714285714,5.0,0.0,5.0,,,tt6263850,Deadpool & Wolverine,Deadpool & Wolverine,2024,128,"Action,Adventure,Comedy",7.5,564469,2026-04-15 20:13:39.244396+00:00
Deadpool & Wolverine,2024-07-15,1.0,4.0,0.0,4.0,,,tt6263850,Deadpool & Wolverine,Deadpool & Wolverine,2024,128,"Action,Adventure,Comedy",7.5,564469,2026-04-15 20:13:39.244396+00:00
Deadpool & Wolverine,2024-07-22,5.571428571428571,9.0,168.0,177.0,298575919.0,298575919.0,tt6263850,Deadpool & Wolverine,Deadpool & Wolverine,2024,128,"Action,Adventure,Comedy",7.5,564469,2026-04-15 20:13:39.244396+00:00
Deadpool & Wolverine,2024-07-29,5.714285714285714,4.0,85.0,89.0,141580463.0,440156382.0,tt6263850,Deadpool & Wolverine,Deadpool & Wolverine,2024,128,"Action,Adventure,Comedy",7.5,564469,2026-04-15 20:13:39.244396+00:00
Deadpool & Wolverine,2024-08-05,4.285714285714286,4.0,1.0,5.0,76660513.0,516816895.0,tt6263850,Deadpool & Wolverine,Deadpool & Wolverine,2024,128,"Action,Adventure,Comedy",7.5,564469,2026-04-15 20:13:39.244396+00:00
Deadpool & Wolverine,2024-08-12,3.2857142857142856,1.0,6.0,7.0,42086471.0,558903366.0,tt6263850,Deadpool & Wolverine,Deadpool & Wolverine,2024,128,"Action,Adventure,Comedy",7.5,564469,2026-04-15 20:13:39.244396+00:00
Deadpool & Wolverine,2024-08-19,2.4285714285714284,6.0,102.0,108.0,25437751.0,584341117.0,tt6263850,Deadpool & Wolverine,Deadpool & Wolverine,2024,128,"Action,Adventure,Comedy",7.5,564469,2026-04-15 20:13:39.244396+00:00
Deadpool & Wolverine,2024-08-26,2.0,6.0,78.0,84.0,22496623.0,606837740.0,tt6263850,Deadpool & Wolverine,Deadpool & Wolverine,2024,128,"Action,Adventure,Comedy",7.5,564469,2026-04-15 20:13:39.244396+00:00
Deadpool & Wolverine,2024-09-02,1.4285714285714286,2.0,3.0,5.0,9457904.0,616295644.0,tt6263850,Deadpool & Wolverine,Deadpool & Wolverine,2024,128,"Action,Adventure,Comedy",7.5,564469,2026-04-15 20:13:39.244396+00:00
Deadpool & Wolverine,2024-09-09,1.2857142857142858,5.0,1.0,6.0,7088981.0,623384625.0,tt6263850,Deadpool & Wolverine,Deadpool & Wolverine,2024,128,"Action,Adventure,Comedy",7.5,564469,2026-04-15 20:13:39.244396+00:00
Deadpool & Wolverine,2024-09-16,1.2857142857142858,2.0,0.0,2.0,5215484.0,628600109.0,tt6263850,Deadpool & Wolverine,Deadpool & Wolverine,2024,128,"Action,Adventure,Comedy",7.5,564469,2026-04-15 20:13:39.244396+00:00
Deadpool & Wolverine,2024-09-23,1.1428571428571428,2.0,157.0,159.0,3713236.0,632313345.0,tt6263850,Deadpool & Wolverine,Deadpool & Wolverine,2024,128,"Action,Adventure,Comedy",7.5,564469,2026-04-15 20:13:39.244396+00:00
Deadpool & Wolverine,2024-09-30,1.0,0.0,0.0,0.0,,,tt6263850,Deadpool & Wolverine,Deadpool & Wolverine,2024,128,"Action,Adventure,Comedy",7.5,564469,2026-04-15 20:13:39.244396+00:00
Dune 2,2024-01-29,5.5,0.0,0.0,0.0,,,tt15239678,Dune: Part Two,Dune: Part Two,2024,166,"Action,Adventure,Drama",8.4,733875,2026-04-15 20:13:39.244396+00:00
Dune 2,2024-02-05,6.714285714285714,0.0,0.0,0.0,,,tt15239678,Dune: Part Two,Dune: Part Two,2024,166,"Action,Adventure,Drama",8.4,733875,2026-04-15 20:13:39.244396+00:00
Dune 2,2024-02-12,12.714285714285714,0.0,0.0,0.0,,,tt15239678,Dune: Part Two,Dune: Part Two,2024,166,"Action,Adventure,Drama",8.4,733875,2026-04-15 20:13:39.244396+00:00
Dune 2,2024-02-19,16.0,0.0,0.0,0.0,,,tt15239678,Dune: Part Two,Dune: Part Two,2024,166,"Action,Adventure,Drama",8.4,733875,2026-04-15 20:13:39.244396+00:00
Dune 2,2024-02-26,59.714285714285715,4.0,67.0,71.0,111027668.0,111027668.0,tt15239678,Dune: Part Two,Dune: Part Two,2024,166,"Action,Adventure,Drama",8.4,733875,2026-04-15 20:13:39.244396+00:00
Dune 2,2024-03-04,53.142857142857146,2.0,71.0,73.0,65190249.0,176217917.0,tt15239678,Dune: Part Two,Dune: Part Two,2024,166,"Action,Adventure,Drama",8.4,733875,2026-04-15 20:13:39.244396+00:00
Dune 2,2024-03-11,32.142857142857146,2.0,43.0,45.0,39540626.0,215758543.0,tt15239678,Dune: Part Two,Dune: Part Two,2024,166,"Action,Adventure,Drama",8.4,733875,2026-04-15 20:13:39.244396+00:00
Dune 2,2024-03-18,23.285714285714285,2.0,47.0,49.0,25531484.0,241290027.0,tt15239678,Dune: Part Two,Dune: Part Two,2024,166,"Action,Adventure,Drama",8.4,733875,2026-04-15 20:13:39.244396+00:00
Dune 2,2024-03-25,19.142857142857142,0.0,0.0,0.0,16368560.0,257658587.0,tt15239678,Dune: Part Two,Dune: Part Two,2024,166,"Action,Adventure,Drama",8.4,733875,2026-04-15 20:13:39.244396+00:00
Dune 2,2024-04-01,16.714285714285715,1.0,8.0,9.0,10125478.0,267784065.0,tt15239678,Dune: Part Two,Dune: Part Two,2024,166,"Action,Adventure,Drama",8.4,733875,2026-04-15 20:13:39.244396+00:00
Dune 2,2024-04-08,15.0,1.0,82.0,83.0,5908848.0,273692913.0,tt15239678,Dune: Part Two,Dune: Part Two,2024,166,"Action,Adventure,Drama",8.4,733875,2026-04-15 20:13:39.244396+00:00
Dune 2,2024-04-15,14.428571428571429,1.0,79.0,80.0,4068496.0,277761409.0,tt15239678,Dune: Part Two,Dune: Part Two,2024,166,"Action,Adventure,Drama",8.4,733875,2026-04-15 20:13:39.244396+00:00
Dune 2,2024-04-22,9.571428571428571,1.0,38.0,39.0,2797322.0,280558731.0,tt15239678,Dune: Part Two,Dune: Part Two,2024,166,"Action,Adventure,Drama",8.4,733875,2026-04-15 20:13:39.244396+00:00
Dune 2,2024-04-29,6.857142857142857,0.0,4.0,4.0,1044460.0,281603191.0,tt15239678,Dune: Part Two,Dune: Part Two,2024,166,"Action,Adventure,Drama",8.4,733875,2026-04-15 20:13:39.244396+00:00
Dune 2,2024-05-06,5.428571428571429,0.0,2.0,2.0,541167.0,282144358.0,tt15239678,Dune: Part Two,Dune: Part Two,2024,166,"Action,Adventure,Drama",8.4,733875,2026-04-15 20:13:39.244396+00:00
Dune 2,2024-05-13,5.285714285714286,0.0,0.0,0.0,,,tt15239678,Dune: Part Two,Dune: Part Two,2024,166,"Action,Adventure,Drama",8.4,733875,2026-04-15 20:13:39.244396+00:00
Dune 2,2024-05-20,7.0,1.0,2.0,3.0,,,tt15239678,Dune: Part Two,Dune: Part Two,2024,166,"Action,Adventure,Drama",8.4,733875,2026-04-15 20:13:39.244396+00:00
Dune 2,2024-05-27,5.857142857142857,1.0,74.0,75.0,,,tt15239678,Dune: Part Two,Dune: Part Two,2024,166,"Action,Adventure,Drama",8.4,733875,2026-04-15 20:13:39.244396+00:00
Dune 2,2024-06-03,4.0,0.0,4.0,4.0,,,tt15239678,Dune: Part Two,Dune: Part Two,2024,166,"Action,Adventure,Drama",8.4,733875,2026-04-15 20:13:39.244396+00:00
Dune 2,2024-06-10,3.5714285714285716,0.0,0.0,0.0,,,tt15239678,Dune: Part Two,Dune: Part Two,2024,166,"Action,Adventure,Drama",8.4,733875,2026-04-15 20:13:39.244396+00:00
Dune 2,2024-06-17,3.142857142857143,0.0,0.0,0.0,,,tt15239678,Dune: Part Two,Dune: Part Two,2024,166,"Action,Adventure,Drama",8.4,733875,2026-04-15 20:13:39.244396+00:00
Dune 2,2024-06-24,2.7142857142857144,0.0,1.0,1.0,,,tt15239678,Dune: Part Two,Dune: Part Two,2024,166,"Action,Adventure,Drama",8.4,733875,2026-04-15 20:13:39.244396+00:00
Dune 2,2024-07-01,2.4285714285714284,0.0,0.0,0.0,,,tt15239678,Dune: Part Two,Dune: Part Two,2024,166,"Action,Adventure,Drama",8.4,733875,2026-04-15 20:13:39.244396+00:00
Dune 2,2024-07-08,2.2857142857142856,0.0,1.0,1.0,,,tt15239678,Dune: Part Two,Dune: Part Two,2024,166,"Action,Adventure,Drama",8.4,733875,2026-04-15 20:13:39.244396+00:00
Dune 2,2024-07-15,2.142857142857143,0.0,0.0,0.0,,,tt15239678,Dune: Part Two,Dune: Part Two,2024,166,"Action,Adventure,Drama",8.4,733875,2026-04-15 20:13:39.244396+00:00
Dune 2,2024-07-22,2.0,0.0,0.0,0.0,,,tt15239678,Dune: Part Two,Dune: Part Two,2024,166,"Action,Adventure,Drama",8.4,733875,2026-04-15 20:13:39.244396+00:00
Dune 2,2024-07-29,1.7142857142857142,0.0,1.0,1.0,,,tt15239678,Dune: Part Two,Dune: Part Two,2024,166,"Action,Adventure,Drama",8.4,733875,2026-04-15 20:13:39.244396+00:00
Dune 2,2024-08-05,1.4285714285714286,0.0,0.0,0.0,,,tt15239678,Dune: Part Two,Dune: Part Two,2024,166,"Action,Adventure,Drama",8.4,733875,2026-04-15 20:13:39.244396+00:00
Dune 2,2024-08-12,1.2857142857142858,0.0,0.0,0.0,,,tt15239678,Dune: Part Two,Dune: Part Two,2024,166,"Action,Adventure,Drama",8.4,733875,2026-04-15 20:13:39.244396+00:00
Dune 2,2024-08-19,1.2857142857142858,0.0,0.0,0.0,,,tt15239678,Dune: Part Two,Dune: Part Two,2024,166,"Action,Adventure,Drama",8.4,733875,2026-04-15 20:13:39.244396+00:00
Dune 2,2024-08-26,1.1428571428571428,0.0,0.0,0.0,,,tt15239678,Dune: Part Two,Dune: Part Two,2024,166,"Action,Adventure,Drama",8.4,733875,2026-04-15 20:13:39.244396+00:00
Dune 2,2024-09-02,1.2857142857142858,1.0,0.0,1.0,,,tt15239678,Dune: Part Two,Dune: Part Two,2024,166,"Action,Adventure,Drama",8.4,733875,2026-04-15 20:13:39.244396+00:00
Dune 2,2024-09-09,1.2857142857142858,0.0,0.0,0.0,,,tt15239678,Dune: Part Two,Dune: Part Two,2024,166,"Action,Adventure,Drama",8.4,733875,2026-04-15 20:13:39.244396+00:00
Dune 2,2024-09-16,1.2857142857142858,0.0,0.0,0.0,,,tt15239678,Dune: Part Two,Dune: Part Two,2024,166,"Action,Adventure,Drama",8.4,733875,2026-04-15 20:13:39.244396+00:00
Dune 2,2024-09-23,1.1428571428571428,0.0,0.0,0.0,,,tt15239678,Dune: Part Two,Dune: Part Two,2024,166,"Action,Adventure,Drama",8.4,733875,2026-04-15 20:13:39.244396+00:00
Dune 2,2024-09-30,1.0,0.0,0.0,0.0,,,tt15239678,Dune: Part Two,Dune: Part Two,2024,166,"Action,Adventure,Drama",8.4,733875,2026-04-15 20:13:39.244396+00:00
