movie,week_start,google_trends,reddit_mentions,reddit_posts,reddit_comments,reddit_sentiment,positive_share,negative_share,neutral_share,net_sentiment,weekly_box_office,total_box_office,imdb_rating,imdb_votes,imdb_runtime_minutes,imdb_genres,imdb_primary_title
Deadpool & Wolverine,2024-01-29,0.0,0.0,0.0,0.0,,,,,,,,7.5,564469.0,128,"Action,Adventure,Comedy",Deadpool & Wolverine
Deadpool & Wolverine,2024-02-05,0.0,0.0,0.0,0.0,,,,,,,,7.5,564469.0,128,"Action,Adventure,Comedy",Deadpool & Wolverine
Deadpool & Wolverine,2024-02-12,0.1429,1.0,1.0,0.0,-0.7906,0.0,1.0,0.0,-1.0,,,7.5,564469.0,128,"Action,Adventure,Comedy",Deadpool & Wolverine
Deadpool & Wolverine,2024-02-19,0.0,0.0,0.0,0.0,,,,,,,,7.5,564469.0,128,"Action,Adventure,Comedy",Deadpool & Wolverine
Deadpool & Wolverine,2024-02-26,0.0,1.0,1.0,0.0,-0.9025,0.0,1.0,0.0,-1.0,,,7.5,564469.0,128,"Action,Adventure,Comedy",Deadpool & Wolverine
Deadpool & Wolverine,2024-03-04,0.0,1.0,1.0,0.0,-0.9924,0.0,1.0,0.0,-1.0,,,7.5,564469.0,128,"Action,Adventure,Comedy",Deadpool & Wolverine
Deadpool & Wolverine,2024-03-11,0.0,3.0,3.0,0.0,-0.411,0.3333,0.6667,0.0,-0.3333,,,7.5,564469.0,128,"Action,Adventure,Comedy",Deadpool & Wolverine
Deadpool & Wolverine,2024-03-18,0.0,3.0,3.0,0.0,-0.3328,0.3333,0.6667,0.0,-0.3333,,,7.5,564469.0,128,"Action,Adventure,Comedy",Deadpool & Wolverine
Deadpool & Wolverine,2024-03-25,0.0,1.0,1.0,0.0,-0.9922,0.0,1.0,0.0,-1.0,,,7.5,564469.0,128,"Action,Adventure,Comedy",Deadpool & Wolverine
Deadpool & Wolverine,2024-04-01,0.0,2.0,2.0,0.0,0.5393,1.0,0.0,0.0,1.0,,,7.5,564469.0,128,"Action,Adventure,Comedy",Deadpool & Wolverine
Deadpool & Wolverine,2024-04-08,0.0,2.0,2.0,0.0,0.4978,0.5,0.0,0.5,0.5,,,7.5,564469.0,128,"Action,Adventure,Comedy",Deadpool & Wolverine
Deadpool & Wolverine,2024-04-15,0.0,1.0,1.0,0.0,0.9617,1.0,0.0,0.0,1.0,,,7.5,564469.0,128,"Action,Adventure,Comedy",Deadpool & Wolverine
Deadpool & Wolverine,2024-04-22,0.2857,0.0,0.0,0.0,,,,,,,,7.5,564469.0,128,"Action,Adventure,Comedy",Deadpool & Wolverine
Deadpool & Wolverine,2024-04-29,0.0,1.0,1.0,0.0,0.9941,1.0,0.0,0.0,1.0,,,7.5,564469.0,128,"Action,Adventure,Comedy",Deadpool & Wolverine
Deadpool & Wolverine,2024-05-06,0.0,42.0,1.0,41.0,0.2407,0.6429,0.2857,0.0714,0.3571,,,7.5,564469.0,128,"Action,Adventure,Comedy",Deadpool & Wolverine
Deadpool & Wolverine,2024-05-13,0.0,2.0,2.0,0.0,0.6928,1.0,0.0,0.0,1.0,,,7.5,564469.0,128,"Action,Adventure,Comedy",Deadpool & Wolverine
Deadpool & Wolverine,2024-05-20,0.0,10.0,2.0,8.0,0.4438,0.8,0.0,0.2,0.8,,,7.5,564469.0,128,"Action,Adventure,Comedy",Deadpool & Wolverine
Deadpool & Wolverine,2024-05-27,0.0,63.0,1.0,62.0,0.3026,0.6508,0.2381,0.1111,0.4127,,,7.5,564469.0,128,"Action,Adventure,Comedy",Deadpool & Wolverine
Deadpool & Wolverine,2024-06-03,0.0,2.0,1.0,1.0,0.426,0.5,0.0,0.5,0.5,,,7.5,564469.0,128,"Action,Adventure,Comedy",Deadpool & Wolverine
Deadpool & Wolverine,2024-06-10,0.0,0.0,0.0,0.0,,,,,,,,7.5,564469.0,128,"Action,Adventure,Comedy",Deadpool & Wolverine
Deadpool & Wolverine,2024-06-17,0.0,2.0,1.0,1.0,0.3552,0.5,0.0,0.5,0.5,,,7.5,564469.0,128,"Action,Adventure,Comedy",Deadpool & Wolverine
Deadpool & Wolverine,2024-06-24,0.0,0.0,0.0,0.0,,,,,,,,7.5,564469.0,128,"Action,Adventure,Comedy",Deadpool & Wolverine
Deadpool & Wolverine,2024-07-01,0.1429,4.0,2.0,2.0,-0.3186,0.25,0.5,0.25,-0.25,,,7.5,564469.0,128,"Action,Adventure,Comedy",Deadpool & Wolverine
Deadpool & Wolverine,2024-07-08,0.5714,5.0,5.0,0.0,0.9486,1.0,0.0,0.0,1.0,,,7.5,564469.0,128,"Action,Adventure,Comedy",Deadpool & Wolverine
Deadpool & Wolverine,2024-07-15,1.0,4.0,4.0,0.0,0.2132,0.5,0.25,0.25,0.25,,,7.5,564469.0,128,"Action,Adventure,Comedy",Deadpool & Wolverine
Deadpool & Wolverine,2024-07-22,5.5714,176.0,9.0,167.0,0.3301,0.6307,0.1932,0.1761,0.4375,298575919.0,298575919.0,7.5,564469.0,128,"Action,Adventure,Comedy",Deadpool & Wolverine
Deadpool & Wolverine,2024-07-29,5.7143,89.0,4.0,85.0,0.1747,0.4157,0.1798,0.4045,0.236,141580463.0,440156382.0,7.5,564469.0,128,"Action,Adventure,Comedy",Deadpool & Wolverine
Deadpool & Wolverine,2024-08-05,4.2857,5.0,4.0,1.0,0.6267,0.8,0.0,0.2,0.8,76660513.0,516816895.0,7.5,564469.0,128,"Action,Adventure,Comedy",Deadpool & Wolverine
Deadpool & Wolverine,2024-08-12,3.2857,7.0,1.0,6.0,0.3194,0.5714,0.1429,0.2857,0.4286,42086471.0,558903366.0,7.5,564469.0,128,"Action,Adventure,Comedy",Deadpool & Wolverine
Deadpool & Wolverine,2024-08-19,2.4286,108.0,6.0,102.0,0.2812,0.6481,0.2593,0.0926,0.3889,25437751.0,584341117.0,7.5,564469.0,128,"Action,Adventure,Comedy",Deadpool & Wolverine
Deadpool & Wolverine,2024-08-26,2.0,82.0,6.0,76.0,0.0668,0.5122,0.3171,0.1707,0.1951,22496623.0,606837740.0,7.5,564469.0,128,"Action,Adventure,Comedy",Deadpool & Wolverine
Deadpool & Wolverine,2024-09-02,1.4286,5.0,2.0,3.0,0.6377,0.8,0.2,0.0,0.6,9457904.0,616295644.0,7.5,564469.0,128,"Action,Adventure,Comedy",Deadpool & Wolverine
Deadpool & Wolverine,2024-09-09,1.2857,6.0,5.0,1.0,-0.3126,0.1667,0.6667,0.1667,-0.5,7088981.0,623384625.0,7.5,564469.0,128,"Action,Adventure,Comedy",Deadpool & Wolverine
Deadpool & Wolverine,2024-09-16,1.2857,2.0,2.0,0.0,-0.0564,0.5,0.5,0.0,0.0,5215484.0,628600109.0,7.5,564469.0,128,"Action,Adventure,Comedy",Deadpool & Wolverine
Deadpool & Wolverine,2024-09-23,1.1429,158.0,2.0,156.0,0.4345,0.7468,0.1519,0.1013,0.5949,3713236.0,632313345.0,7.5,564469.0,128,"Action,Adventure,Comedy",Deadpool & Wolverine
Deadpool & Wolverine,2024-09-30,1.0,0.0,0.0,0.0,,,,,,,,7.5,564469.0,128,"Action,Adventure,Comedy",Deadpool & Wolverine
Dune 2,2024-01-29,5.5,0.0,0.0,0.0,,,,,,,,8.4,733875.0,166,"Action,Adventure,Drama",Dune: Part Two
Dune 2,2024-02-05,6.7143,0.0,0.0,0.0,,,,,,,,8.4,733875.0,166,"Action,Adventure,Drama",Dune: Part Two
Dune 2,2024-02-12,12.7143,0.0,0.0,0.0,,,,,,,,8.4,733875.0,166,"Action,Adventure,Drama",Dune: Part Two
Dune 2,2024-02-19,16.0,0.0,0.0,0.0,,,,,,,,8.4,733875.0,166,"Action,Adventure,Drama",Dune: Part Two
Dune 2,2024-02-26,59.7143,71.0,4.0,67.0,0.1927,0.5915,0.2394,0.169,0.3521,111027668.0,111027668.0,8.4,733875.0,166,"Action,Adventure,Drama",Dune: Part Two
Dune 2,2024-03-04,53.1429,73.0,2.0,71.0,0.3496,0.6575,0.2466,0.0959,0.411,65190249.0,176217917.0,8.4,733875.0,166,"Action,Adventure,Drama",Dune: Part Two
Dune 2,2024-03-11,32.1429,45.0,2.0,43.0,0.1347,0.4889,0.2889,0.2222,0.2,39540626.0,215758543.0,8.4,733875.0,166,"Action,Adventure,Drama",Dune: Part Two
Dune 2,2024-03-18,23.2857,49.0,2.0,47.0,0.2893,0.6531,0.1633,0.1837,0.4898,25531484.0,241290027.0,8.4,733875.0,166,"Action,Adventure,Drama",Dune: Part Two
Dune 2,2024-03-25,19.1429,0.0,0.0,0.0,,,,,,16368560.0,257658587.0,8.4,733875.0,166,"Action,Adventure,Drama",Dune: Part Two
Dune 2,2024-04-01,16.7143,9.0,1.0,8.0,0.6402,0.7778,0.0,0.2222,0.7778,10125478.0,267784065.0,8.4,733875.0,166,"Action,Adventure,Drama",Dune: Part Two
Dune 2,2024-04-08,15.0,83.0,1.0,82.0,0.1266,0.3976,0.253,0.3494,0.1446,5908848.0,273692913.0,8.4,733875.0,166,"Action,Adventure,Drama",Dune: Part Two
Dune 2,2024-04-15,14.4286,80.0,1.0,79.0,0.246,0.625,0.25,0.125,0.375,4068496.0,277761409.0,8.4,733875.0,166,"Action,Adventure,Drama",Dune: Part Two
Dune 2,2024-04-22,9.5714,39.0,1.0,38.0,0.1178,0.3846,0.2821,0.3333,0.1026,2797322.0,280558731.0,8.4,733875.0,166,"Action,Adventure,Drama",Dune: Part Two
Dune 2,2024-04-29,6.8571,4.0,0.0,4.0,0.154,0.5,0.25,0.25,0.25,1044460.0,281603191.0,8.4,733875.0,166,"Action,Adventure,Drama",Dune: Part Two
Dune 2,2024-05-06,5.4286,2.0,0.0,2.0,0.3046,1.0,0.0,0.0,1.0,541167.0,282144358.0,8.4,733875.0,166,"Action,Adventure,Drama",Dune: Part Two
Dune 2,2024-05-13,5.2857,0.0,0.0,0.0,,,,,,,,8.4,733875.0,166,"Action,Adventure,Drama",Dune: Part Two
Dune 2,2024-05-20,7.0,3.0,1.0,2.0,0.502,0.6667,0.0,0.3333,0.6667,,,8.4,733875.0,166,"Action,Adventure,Drama",Dune: Part Two
Dune 2,2024-05-27,5.8571,75.0,1.0,74.0,0.3239,0.68,0.24,0.08,0.44,,,8.4,733875.0,166,"Action,Adventure,Drama",Dune: Part Two
Dune 2,2024-06-03,4.0,4.0,0.0,4.0,0.6146,1.0,0.0,0.0,1.0,,,8.4,733875.0,166,"Action,Adventure,Drama",Dune: Part Two
Dune 2,2024-06-10,3.5714,0.0,0.0,0.0,,,,,,,,8.4,733875.0,166,"Action,Adventure,Drama",Dune: Part Two
Dune 2,2024-06-17,3.1429,0.0,0.0,0.0,,,,,,,,8.4,733875.0,166,"Action,Adventure,Drama",Dune: Part Two
Dune 2,2024-06-24,2.7143,1.0,0.0,1.0,0.9585,1.0,0.0,0.0,1.0,,,8.4,733875.0,166,"Action,Adventure,Drama",Dune: Part Two
Dune 2,2024-07-01,2.4286,0.0,0.0,0.0,,,,,,,,8.4,733875.0,166,"Action,Adventure,Drama",Dune: Part Two
Dune 2,2024-07-08,2.2857,1.0,0.0,1.0,-0.5563,0.0,1.0,0.0,-1.0,,,8.4,733875.0,166,"Action,Adventure,Drama",Dune: Part Two
Dune 2,2024-07-15,2.1429,0.0,0.0,0.0,,,,,,,,8.4,733875.0,166,"Action,Adventure,Drama",Dune: Part Two
Dune 2,2024-07-22,2.0,0.0,0.0,0.0,,,,,,,,8.4,733875.0,166,"Action,Adventure,Drama",Dune: Part Two
Dune 2,2024-07-29,1.7143,1.0,0.0,1.0,-0.1779,0.0,1.0,0.0,-1.0,,,8.4,733875.0,166,"Action,Adventure,Drama",Dune: Part Two
Dune 2,2024-08-05,1.4286,0.0,0.0,0.0,,,,,,,,8.4,733875.0,166,"Action,Adventure,Drama",Dune: Part Two
Dune 2,2024-08-12,1.2857,0.0,0.0,0.0,,,,,,,,8.4,733875.0,166,"Action,Adventure,Drama",Dune: Part Two
Dune 2,2024-08-19,1.2857,0.0,0.0,0.0,,,,,,,,8.4,733875.0,166,"Action,Adventure,Drama",Dune: Part Two
Dune 2,2024-08-26,1.1429,0.0,0.0,0.0,,,,,,,,8.4,733875.0,166,"Action,Adventure,Drama",Dune: Part Two
Dune 2,2024-09-02,1.2857,1.0,1.0,0.0,0.992,1.0,0.0,0.0,1.0,,,8.4,733875.0,166,"Action,Adventure,Drama",Dune: Part Two
Dune 2,2024-09-09,1.2857,0.0,0.0,0.0,,,,,,,,8.4,733875.0,166,"Action,Adventure,Drama",Dune: Part Two
Dune 2,2024-09-16,1.2857,0.0,0.0,0.0,,,,,,,,8.4,733875.0,166,"Action,Adventure,Drama",Dune: Part Two
Dune 2,2024-09-23,1.1429,0.0,0.0,0.0,,,,,,,,8.4,733875.0,166,"Action,Adventure,Drama",Dune: Part Two
Dune 2,2024-09-30,1.0,0.0,0.0,0.0,,,,,,,,8.4,733875.0,166,"Action,Adventure,Drama",Dune: Part Two
