movie,author,degree_centrality,betweenness_centrality,in_degree,out_degree
Deadpool & Wolverine,[deleted],0.1101,0.0995,18,29
Deadpool & Wolverine,ByClaytonDavis,0.1335,0.0564,31,26
Deadpool & Wolverine,samx3i,0.1101,0.0397,30,17
Deadpool & Wolverine,Way-of-Kai,0.0843,0.0288,25,11
Deadpool & Wolverine,LiteraryBoner,0.0609,0.0212,25,1
Deadpool & Wolverine,mikeyfreshh,0.0211,0.0187,5,4
Deadpool & Wolverine,PoeBangangeron,0.0445,0.0161,16,3
Deadpool & Wolverine,GamingTatertot,0.0304,0.0142,5,8
Deadpool & Wolverine,ICumCoffee,0.0234,0.0052,5,5
Deadpool & Wolverine,ThePirates123,0.0117,0.0039,2,3
Deadpool & Wolverine,drewhjava,0.0562,0.0037,22,2
Deadpool & Wolverine,periphrasistic,0.0211,0.0036,6,3
Deadpool & Wolverine,Correct_Sport9839,0.0187,0.0036,5,3
Deadpool & Wolverine,KingMario05,0.0141,0.0035,4,2
Deadpool & Wolverine,MartinScorsese,0.0141,0.0033,2,4
Deadpool & Wolverine,EnvironmentalMix421,0.0117,0.0033,2,3
Deadpool & Wolverine,thats_handy,0.0141,0.0025,5,1
Deadpool & Wolverine,LordOfCows,0.0141,0.0024,4,2
Deadpool & Wolverine,Rock-swarm,0.0117,0.002,3,2
Deadpool & Wolverine,Bhu124,0.0117,0.0019,3,2
Deadpool & Wolverine,Sharktoothdecay,0.0117,0.0018,4,1
Deadpool & Wolverine,IanMaIcolm,0.0141,0.0018,2,4
Deadpool & Wolverine,DharmaLookingGlass,0.0117,0.0016,3,2
Deadpool & Wolverine,2th,0.0047,0.0016,1,1
Deadpool & Wolverine,Comic_Book_Reader,0.0047,0.0016,1,1
Deadpool & Wolverine,In_My_Own_Image,0.0117,0.0013,3,2
Deadpool & Wolverine,thewarehouse,0.0117,0.0013,3,2
Deadpool & Wolverine,TheShadowOperator007,0.0656,0.0012,27,1
Deadpool & Wolverine,badgarok725,0.007,0.0012,2,1
Deadpool & Wolverine,Marcysdad,0.0094,0.0012,1,3
Deadpool & Wolverine,elmatador12,0.0047,0.0012,1,1
Deadpool & Wolverine,greg225,0.0094,0.0012,3,1
Deadpool & Wolverine,artpayne,0.0094,0.0012,3,1
Deadpool & Wolverine,entertainmentlord,0.0539,0.0012,20,3
Deadpool & Wolverine,pearlz176,0.0117,0.0011,3,2
Deadpool & Wolverine,charlyquestion,0.007,0.0011,1,2
Deadpool & Wolverine,4ps22,0.0047,0.0011,1,1
Deadpool & Wolverine,Jaxonian,0.0117,0.0009,4,1
Deadpool & Wolverine,TequilaMockingb1rd,0.007,0.0009,2,1
Deadpool & Wolverine,Accomplished-Head449,0.0094,0.0007,2,2
Deadpool & Wolverine,behemuthm,0.0164,0.0007,3,4
Deadpool & Wolverine,Firvulag,0.0094,0.0006,2,2
Deadpool & Wolverine,InoueNinja94,0.0094,0.0006,1,3
Deadpool & Wolverine,HORSEthedude619,0.007,0.0006,1,2
Deadpool & Wolverine,PayneTrain181999,0.0047,0.0006,1,1
Deadpool & Wolverine,Movies_Music_Lover,0.0117,0.0006,2,3
Deadpool & Wolverine,Visser150,0.0047,0.0006,1,1
Deadpool & Wolverine,Michael_DeSanta,0.0047,0.0006,1,1
Deadpool & Wolverine,Upbeat_Tension_8077,0.0047,0.0006,1,1
Deadpool & Wolverine,pizzabyAlfredo,0.0047,0.0006,1,1
Deadpool & Wolverine,RIP_Greedo,0.007,0.0006,2,1
Deadpool & Wolverine,Entire_Mixture_8772,0.007,0.0006,2,1
Deadpool & Wolverine,Baby__Keith,0.0047,0.0006,1,1
Deadpool & Wolverine,not-so-radical,0.0094,0.0005,2,2
Deadpool & Wolverine,littlelordfROY,0.007,0.0005,1,2
Deadpool & Wolverine,Kaliboothi,0.0047,0.0005,1,1
Deadpool & Wolverine,GregSays,0.0211,0.0003,5,4
Deadpool & Wolverine,Wulfbak,0.0047,0.0003,1,1
Deadpool & Wolverine,briareus08,0.007,0.0003,2,1
Deadpool & Wolverine,almo2001,0.007,0.0002,1,2
Deadpool & Wolverine,OnslaughtRM,0.0141,0.0002,5,1
Deadpool & Wolverine,RoscoeSantangelo,0.007,0.0001,1,2
Deadpool & Wolverine,Dizzyavidal,0.007,0.0001,2,1
Deadpool & Wolverine,brandonsamd6,0.0047,0.0001,1,1
Deadpool & Wolverine,nate1534,0.0047,0.0001,1,1
Deadpool & Wolverine,YoungTroubadour,0.0047,0.0001,1,1
Deadpool & Wolverine,ElahaSanctaSedes777,0.0094,0.0001,2,2
Deadpool & Wolverine,ElEsDi_25,0.0047,0.0001,1,1
Deadpool & Wolverine,TheWildDoge2,0.0047,0.0001,1,1
Deadpool & Wolverine,empeekay,0.0094,0.0001,1,3
Deadpool & Wolverine,burritoman88,0.0047,0.0001,1,1
Deadpool & Wolverine,Tityfan808,0.0047,0.0001,1,1
Deadpool & Wolverine,Educational-Bird-515,0.0117,0.0,4,1
Deadpool & Wolverine,freetotebag,0.0117,0.0,3,2
Deadpool & Wolverine,Weaselboyst21,0.0117,0.0,1,4
Deadpool & Wolverine,SpecialistLock,0.0141,0.0,5,1
Deadpool & Wolverine,Edm_vanhalen1981,0.0094,0.0,3,1
Deadpool & Wolverine,A_non_active_user,0.0094,0.0,2,2
Deadpool & Wolverine,David-J,0.007,0.0,1,2
Deadpool & Wolverine,cadwellingtonsfinest,0.007,0.0,2,1
Deadpool & Wolverine,BillyRosewood99,0.0047,0.0,1,1
Deadpool & Wolverine,NyriasNeo,0.0047,0.0,1,1
Deadpool & Wolverine,quondam47,0.0047,0.0,1,1
Deadpool & Wolverine,unbuliebubble,0.0094,0.0,2,2
Deadpool & Wolverine,InfluenceBeginning47,0.007,0.0,2,1
Deadpool & Wolverine,Glacia,0.007,0.0,2,1
Deadpool & Wolverine,ROBtimusPrime1995,0.007,0.0,2,1
Deadpool & Wolverine,Almost_Infamous,0.007,0.0,2,1
Deadpool & Wolverine,THEpeterafro,0.0047,0.0,1,1
Deadpool & Wolverine,CaptainAureus,0.0047,0.0,1,1
Deadpool & Wolverine,Doppelfrio,0.0047,0.0,1,1
Deadpool & Wolverine,naturalninetime,0.0047,0.0,1,1
Deadpool & Wolverine,Whompa,0.0047,0.0,1,1
Deadpool & Wolverine,TheUnauthorized1,0.0047,0.0,1,1
Deadpool & Wolverine,SpicyMotoyaki,0.007,0.0,2,1
Deadpool & Wolverine,True_Acadia_4045,0.007,0.0,2,1
Deadpool & Wolverine,SnooMarzipans5767,0.007,0.0,1,2
Deadpool & Wolverine,LumiereGatsby,0.007,0.0,2,1
Deadpool & Wolverine,kyleruggles,0.007,0.0,1,2
Deadpool & Wolverine,Babylon-Lynch,0.0047,0.0,1,1
Deadpool & Wolverine,Clugaman,0.0047,0.0,1,1
Deadpool & Wolverine,nemuri_no_kogoro,0.0047,0.0,1,1
Deadpool & Wolverine,Bansheesdie,0.0047,0.0,1,1
Deadpool & Wolverine,writeorelse,0.0047,0.0,1,1
Deadpool & Wolverine,NewMathematician623,0.0047,0.0,1,1
Deadpool & Wolverine,Patient_Address3102,0.0047,0.0,1,1
Deadpool & Wolverine,Obama_WillEngage723,0.0047,0.0,1,1
Deadpool & Wolverine,shikiroin,0.0047,0.0,1,1
Deadpool & Wolverine,failure_most_of_all,0.0047,0.0,1,1
Deadpool & Wolverine,Masamundane,0.0047,0.0,1,1
Deadpool & Wolverine,Technical-Outside408,0.0047,0.0,1,1
Deadpool & Wolverine,Japaneseoppailover,0.007,0.0,2,1
Deadpool & Wolverine,sKullsHavezzz,0.1007,0.0,43,0
Deadpool & Wolverine,DemiFiendRSA,0.0585,0.0,25,0
Deadpool & Wolverine,herequeerandgreat,0.0375,0.0,16,0
Deadpool & Wolverine,DarlingLuna,0.0258,0.0,11,0
Deadpool & Wolverine,MarvG05,0.007,0.0,2,1
Deadpool & Wolverine,Flexappeal,0.007,0.0,1,2
Deadpool & Wolverine,NumberOneUAENA,0.0047,0.0,1,1
Deadpool & Wolverine,MagicMST,0.0047,0.0,1,1
Deadpool & Wolverine,SquadPoopy,0.0047,0.0,1,1
Deadpool & Wolverine,fosse76,0.0047,0.0,1,1
Deadpool & Wolverine,KawhiDollaSign,0.0047,0.0,1,1
Deadpool & Wolverine,xtremelampshade,0.0047,0.0,1,1
Deadpool & Wolverine,Robeloto,0.0047,0.0,1,1
Deadpool & Wolverine,Shakethecrimestick,0.0047,0.0,1,1
Deadpool & Wolverine,Anonymous-Internaut,0.0047,0.0,1,1
Deadpool & Wolverine,DyZ814,0.0047,0.0,1,1
Deadpool & Wolverine,risks007,0.0047,0.0,1,1
Deadpool & Wolverine,carson63000,0.0047,0.0,1,1
Deadpool & Wolverine,deafis,0.0047,0.0,1,1
Deadpool & Wolverine,Ryan2R,0.0047,0.0,1,1
Deadpool & Wolverine,bigga_nutt,0.0047,0.0,1,1
Deadpool & Wolverine,Buzzk1LL,0.0047,0.0,1,1
Deadpool & Wolverine,Long-Wealth2768,0.0047,0.0,1,1
Deadpool & Wolverine,Dragyn_Lady,0.0047,0.0,1,1
Deadpool & Wolverine,losthardy81,0.0047,0.0,1,1
Deadpool & Wolverine,ant-farm-keyboard,0.0047,0.0,0,2
Deadpool & Wolverine,PracticeSelect5895,0.0047,0.0,0,2
Deadpool & Wolverine,The-Fig-Lebowski,0.0047,0.0,0,2
Deadpool & Wolverine,amievenrealrightnow,0.0047,0.0,1,1
Deadpool & Wolverine,LookinAtTheFjord,0.0047,0.0,0,2
Deadpool & Wolverine,Hackwork89,0.0047,0.0,1,1
Deadpool & Wolverine,blucthulhu,0.0047,0.0,1,1
Deadpool & Wolverine,hyperpuppy64,0.0047,0.0,0,2
Deadpool & Wolverine,Major_Stranger,0.0047,0.0,1,1
Deadpool & Wolverine,hungry4pie,0.0047,0.0,0,2
Deadpool & Wolverine,WottaNutter,0.0047,0.0,1,1
Deadpool & Wolverine,Travelgrrl,0.0047,0.0,1,1
Deadpool & Wolverine,Dubious_Titan,0.0047,0.0,0,2
Deadpool & Wolverine,aglock,0.0047,0.0,1,1
Deadpool & Wolverine,damniwishiwasurlover,0.0047,0.0,1,1
Deadpool & Wolverine,RandomStranger79,0.0047,0.0,0,2
Deadpool & Wolverine,fourleggedostrich,0.0047,0.0,1,1
Deadpool & Wolverine,Dieing_Breed,0.0047,0.0,1,1
Deadpool & Wolverine,butholemoonblast,0.0047,0.0,1,1
Deadpool & Wolverine,3-2-1_liftoff,0.0047,0.0,1,1
Deadpool & Wolverine,TheSimpler,0.0047,0.0,1,1
Deadpool & Wolverine,robb1519,0.0047,0.0,0,2
Deadpool & Wolverine,Jet_Jaguar74,0.0047,0.0,1,1
Deadpool & Wolverine,CELTICPRED,0.0047,0.0,1,1
Deadpool & Wolverine,ArchDucky,0.0047,0.0,1,1
Deadpool & Wolverine,Jayrodtremonki,0.0047,0.0,1,1
Deadpool & Wolverine,StudBoi69,0.0047,0.0,1,1
Deadpool & Wolverine,_ThugzZ_Bunny_,0.0047,0.0,0,2
Deadpool & Wolverine,GurpsK,0.0047,0.0,1,1
Deadpool & Wolverine,GeekAesthete,0.0047,0.0,1,1
Deadpool & Wolverine,Bungfoo,0.0047,0.0,1,1
Deadpool & Wolverine,flowerbloominginsky,0.0047,0.0,1,1
Deadpool & Wolverine,bdhsshsbsn,0.0047,0.0,1,1
Deadpool & Wolverine,Disastrous-Cap-7790,0.0047,0.0,1,1
Deadpool & Wolverine,JuulyssesSGrant,0.0047,0.0,1,1
Deadpool & Wolverine,PippyHooligan,0.0047,0.0,1,1
Deadpool & Wolverine,typeshitz,0.0047,0.0,1,1
Deadpool & Wolverine,PeteNoKnownLastName,0.0047,0.0,1,1
Deadpool & Wolverine,BunyipPouch,0.0047,0.0,1,1
Deadpool & Wolverine,judester30,0.0047,0.0,1,1
Deadpool & Wolverine,Odd-Hamster1812,0.0047,0.0,1,1
Deadpool & Wolverine,_Dark,0.0047,0.0,1,1
Deadpool & Wolverine,Fantastic_Ant_1972,0.0047,0.0,1,1
Deadpool & Wolverine,Parmesan_Pirate119,0.0047,0.0,1,1
Deadpool & Wolverine,ThatWaluigiDude,0.0047,0.0,1,1
Deadpool & Wolverine,Atkena2578,0.0047,0.0,1,1
Deadpool & Wolverine,MTheWho,0.0047,0.0,1,1
Deadpool & Wolverine,TheFilmManiac,0.0047,0.0,1,1
Deadpool & Wolverine,PinkCadillacs,0.0047,0.0,1,1
Deadpool & Wolverine,Pollylocks,0.0047,0.0,1,1
Deadpool & Wolverine,wogsurfer,0.0047,0.0,1,1
Deadpool & Wolverine,thatpj,0.0047,0.0,1,1
Deadpool & Wolverine,sirkh1,0.0047,0.0,1,1
Deadpool & Wolverine,andalusiandoge,0.0047,0.0,1,1
Deadpool & Wolverine,akoaytao1234,0.0047,0.0,1,1
Deadpool & Wolverine,Mikeyboy101591,0.0023,0.0,0,1
Deadpool & Wolverine,iz-Moff,0.0023,0.0,0,1
Deadpool & Wolverine,graboidian,0.0023,0.0,1,0
Deadpool & Wolverine,Detroit_Cineaste,0.0023,0.0,0,1
Deadpool & Wolverine,mannapuderr,0.0023,0.0,0,1
Deadpool & Wolverine,Strontiumdogs1,0.0023,0.0,0,1
Deadpool & Wolverine,Automatic-Fox-3837,0.0023,0.0,0,1
Deadpool & Wolverine,Affectionate-Club725,0.0023,0.0,0,1
Deadpool & Wolverine,tchosen90,0.0023,0.0,0,1
Deadpool & Wolverine,Prometheus321,0.0023,0.0,0,1
Deadpool & Wolverine,SouthernTechnology32,0.0023,0.0,0,1
Deadpool & Wolverine,Outrageous_Word_8188,0.0023,0.0,0,1
Deadpool & Wolverine,Possible-Reality4100,0.0023,0.0,0,1
Deadpool & Wolverine,RdyPlyrBneSw,0.0023,0.0,0,1
Deadpool & Wolverine,BrandoCalrissian1995,0.0023,0.0,0,1
Deadpool & Wolverine,flysly,0.0023,0.0,0,1
Deadpool & Wolverine,GibsonMaestro,0.0023,0.0,0,1
Deadpool & Wolverine,stoneman9284,0.0023,0.0,0,1
Deadpool & Wolverine,Dawn_of_Dayne,0.0023,0.0,0,1
Deadpool & Wolverine,Rockergage,0.0023,0.0,0,1
Deadpool & Wolverine,Life_Butterscotch939,0.0023,0.0,0,1
Deadpool & Wolverine,Darth_Nevets,0.0023,0.0,0,1
Deadpool & Wolverine,jmarchese01,0.0023,0.0,0,1
Deadpool & Wolverine,EgalitarianCrusader,0.0023,0.0,0,1
Deadpool & Wolverine,SackFace,0.0023,0.0,0,1
Deadpool & Wolverine,KomradeKrycek,0.0023,0.0,0,1
Deadpool & Wolverine,kylebb,0.0023,0.0,0,1
Deadpool & Wolverine,sheepwshotguns,0.0023,0.0,0,1
Deadpool & Wolverine,shouldco,0.0023,0.0,0,1
Deadpool & Wolverine,phantomsniper22,0.0023,0.0,0,1
Deadpool & Wolverine,The__King2002,0.0023,0.0,0,1
Deadpool & Wolverine,quangtran,0.0023,0.0,0,1
Deadpool & Wolverine,PapaDoomer,0.0023,0.0,0,1
Deadpool & Wolverine,GetReady4Action,0.0023,0.0,0,1
Deadpool & Wolverine,FilthyWinstonMain,0.0023,0.0,0,1
Deadpool & Wolverine,scarywolverine,0.0023,0.0,0,1
Deadpool & Wolverine,Zylon0292,0.0023,0.0,0,1
Deadpool & Wolverine,Colossal89,0.0023,0.0,0,1
Deadpool & Wolverine,ChickenInASuit,0.0023,0.0,0,1
Deadpool & Wolverine,TheBlackSwarm,0.0023,0.0,0,1
Deadpool & Wolverine,MrArmageddon12,0.0023,0.0,0,1
Deadpool & Wolverine,egboy,0.0023,0.0,0,1
Deadpool & Wolverine,BanjoSpaceMan,0.0023,0.0,0,1
Deadpool & Wolverine,mikehatesthis,0.0023,0.0,0,1
Deadpool & Wolverine,FreemanCalavera,0.0023,0.0,0,1
Deadpool & Wolverine,Lynild,0.0023,0.0,0,1
Deadpool & Wolverine,ILoveTheAIDS,0.0023,0.0,0,1
Deadpool & Wolverine,Visco0825,0.0023,0.0,0,1
Deadpool & Wolverine,shaneo632,0.0023,0.0,0,1
Deadpool & Wolverine,Objective-Bee-8754,0.0023,0.0,0,1
Deadpool & Wolverine,Rammjack,0.0023,0.0,0,1
Deadpool & Wolverine,LegalBirthday1335,0.0023,0.0,0,1
Deadpool & Wolverine,griffshan,0.0023,0.0,0,1
Deadpool & Wolverine,dizzyapparition,0.0023,0.0,0,1
Deadpool & Wolverine,raysofdavies,0.0023,0.0,0,1
Deadpool & Wolverine,maRRtin79,0.0023,0.0,0,1
Deadpool & Wolverine,Amity_Swim_School,0.0023,0.0,0,1
Deadpool & Wolverine,CrimsonEclipse18,0.0023,0.0,0,1
Deadpool & Wolverine,Sisiwakanamaru,0.0023,0.0,0,1
Deadpool & Wolverine,anthonyongg,0.0023,0.0,0,1
Deadpool & Wolverine,Arbys_Sauce,0.0023,0.0,0,1
Deadpool & Wolverine,VRomero32,0.0023,0.0,0,1
Deadpool & Wolverine,Existing_Problem_369,0.0023,0.0,0,1
Deadpool & Wolverine,Esseth,0.0023,0.0,0,1
Deadpool & Wolverine,Dysentry,0.0023,0.0,0,1
Deadpool & Wolverine,WontonJr,0.0023,0.0,0,1
Deadpool & Wolverine,TristanwithaT,0.0023,0.0,0,1
Deadpool & Wolverine,brainkandy87,0.0023,0.0,0,1
Deadpool & Wolverine,Bald_Bulldozer,0.0023,0.0,0,1
Deadpool & Wolverine,heyitsmejosh,0.0023,0.0,0,1
Deadpool & Wolverine,sloppyjo12,0.0023,0.0,0,1
Deadpool & Wolverine,Ben50Leven,0.0023,0.0,0,1
Deadpool & Wolverine,Alpha-Q-2,0.0023,0.0,0,1
Deadpool & Wolverine,shinbreaker,0.0023,0.0,1,0
Deadpool & Wolverine,Blockness11,0.0023,0.0,0,1
Deadpool & Wolverine,HeedWeed,0.0023,0.0,0,1
Deadpool & Wolverine,currentlydownvoted,0.0023,0.0,0,1
Deadpool & Wolverine,UncreativeTeam,0.0023,0.0,0,1
Deadpool & Wolverine,fatloui,0.0023,0.0,0,1
Deadpool & Wolverine,HighGuard1212,0.0023,0.0,0,1
Deadpool & Wolverine,LionIV,0.0023,0.0,0,1
Deadpool & Wolverine,Anyabb,0.0023,0.0,0,1
Deadpool & Wolverine,RatedR2O,0.0023,0.0,0,1
Deadpool & Wolverine,Belch_Huggins,0.0023,0.0,0,1
Deadpool & Wolverine,NobleMuffin,0.0023,0.0,0,1
Deadpool & Wolverine,Tronald_Dump69,0.0023,0.0,0,1
Deadpool & Wolverine,Kujira-san,0.0023,0.0,0,1
Deadpool & Wolverine,connoza,0.0023,0.0,0,1
Deadpool & Wolverine,19vz,0.0023,0.0,0,1
Deadpool & Wolverine,callmemacready,0.0023,0.0,0,1
Deadpool & Wolverine,Mr_Evil_Dr_Porkchop,0.0023,0.0,0,1
Deadpool & Wolverine,Willow_Havegood,0.0023,0.0,0,1
Deadpool & Wolverine,Which_Wait4441,0.0023,0.0,0,1
Deadpool & Wolverine,bob-leblaw,0.0023,0.0,0,1
Deadpool & Wolverine,SmartRooster2242,0.0023,0.0,0,1
Deadpool & Wolverine,Final_Lunch8817,0.0023,0.0,0,1
Deadpool & Wolverine,deschain_19195,0.0023,0.0,0,1
Deadpool & Wolverine,Onthetins,0.0023,0.0,0,1
Deadpool & Wolverine,FrequencyKevinth,0.0023,0.0,0,1
Deadpool & Wolverine,Steph_from_Earth,0.0023,0.0,0,1
Deadpool & Wolverine,nikkuhlee,0.0023,0.0,0,1
Deadpool & Wolverine,DARTHKINDNESS,0.0023,0.0,0,1
Deadpool & Wolverine,Jack_Q_Frost_Jr,0.0023,0.0,0,1
Deadpool & Wolverine,Competitive-Hunt-517,0.0023,0.0,0,1
Deadpool & Wolverine,Kiwi_CFC,0.0023,0.0,0,1
Deadpool & Wolverine,HairyManHairyPlan,0.0023,0.0,0,1
Deadpool & Wolverine,lectroid,0.0023,0.0,0,1
Deadpool & Wolverine,notalonebutsolitary,0.0023,0.0,0,1
Deadpool & Wolverine,Anathema320,0.0023,0.0,0,1
Deadpool & Wolverine,sadchild_,0.0023,0.0,0,1
Deadpool & Wolverine,outcastspice,0.0023,0.0,0,1
Deadpool & Wolverine,pladhoc,0.0023,0.0,0,1
Deadpool & Wolverine,Free_Perspective773,0.0023,0.0,0,1
Deadpool & Wolverine,TentacleJesus,0.0023,0.0,0,1
Deadpool & Wolverine,TheClownIsReady,0.0023,0.0,0,1
Deadpool & Wolverine,No-Swing2103,0.0023,0.0,0,1
Deadpool & Wolverine,537lesjr,0.0023,0.0,0,1
Deadpool & Wolverine,Epic-x-lord_69,0.0023,0.0,0,1
Deadpool & Wolverine,GodEmperorBrian,0.0023,0.0,0,1
Deadpool & Wolverine,HoverboardRampage,0.0023,0.0,0,1
Deadpool & Wolverine,DaBrooklynGirl,0.0023,0.0,0,1
Deadpool & Wolverine,Own_Put_4342,0.0023,0.0,0,1
Deadpool & Wolverine,ctown1264,0.0023,0.0,1,0
Deadpool & Wolverine,Time-Touch-6433,0.0023,0.0,0,1
Deadpool & Wolverine,RedShoesTribute,0.0023,0.0,0,1
Deadpool & Wolverine,HeyWhatsUpTed,0.0023,0.0,0,1
Deadpool & Wolverine,damienkarras1973,0.0023,0.0,0,1
Deadpool & Wolverine,ItsSageThyme,0.0023,0.0,0,1
Deadpool & Wolverine,Fennchurch42,0.0023,0.0,0,1
Deadpool & Wolverine,wjescott,0.0023,0.0,0,1
Deadpool & Wolverine,NXIII13,0.0023,0.0,0,1
Deadpool & Wolverine,Master_BROshiii,0.0023,0.0,0,1
Deadpool & Wolverine,mscpnd,0.0023,0.0,0,1
Deadpool & Wolverine,Sweeper1985,0.0023,0.0,0,1
Deadpool & Wolverine,FishingFun6579,0.0023,0.0,0,1
Deadpool & Wolverine,rice_fish_and_eggs,0.0023,0.0,0,1
Deadpool & Wolverine,saltinmywound,0.0023,0.0,0,1
Deadpool & Wolverine,itsnotlikewereforkin,0.0023,0.0,0,1
Deadpool & Wolverine,PlatonicFrenzy,0.0023,0.0,0,1
Deadpool & Wolverine,SavageRedStorm,0.0023,0.0,0,1
Deadpool & Wolverine,OneAngryDuck,0.0023,0.0,0,1
Deadpool & Wolverine,Hic_Forum_Est,0.0023,0.0,0,1
Deadpool & Wolverine,Dvout_agnostic,0.0023,0.0,0,1
Deadpool & Wolverine,enigmaticevil,0.0023,0.0,0,1
Deadpool & Wolverine,Murdoc_2,0.0023,0.0,0,1
Deadpool & Wolverine,jogoso2014,0.0023,0.0,0,1
Deadpool & Wolverine,IcedPgh,0.0023,0.0,0,1
Deadpool & Wolverine,interstatebus,0.0023,0.0,0,1
Deadpool & Wolverine,HotDamnEzMoney,0.0023,0.0,0,1
Deadpool & Wolverine,yourkindofhero,0.0023,0.0,0,1
Deadpool & Wolverine,MuddydogNew,0.0023,0.0,0,1
Deadpool & Wolverine,lets_shake_hands,0.0023,0.0,0,1
Deadpool & Wolverine,No_Peach_2676,0.0023,0.0,0,1
Deadpool & Wolverine,TheCatManPizza,0.0023,0.0,0,1
Deadpool & Wolverine,BowZilla39,0.0023,0.0,0,1
Deadpool & Wolverine,Gay-Bomb,0.0023,0.0,0,1
Deadpool & Wolverine,raylan_givens6,0.0023,0.0,0,1
Deadpool & Wolverine,GodFlintstone,0.0023,0.0,0,1
Deadpool & Wolverine,limborgihni,0.0023,0.0,0,1
Deadpool & Wolverine,Stinduh,0.0023,0.0,0,1
Deadpool & Wolverine,BigJack1212,0.0023,0.0,0,1
Deadpool & Wolverine,SerWrong,0.0023,0.0,0,1
Deadpool & Wolverine,JollyWestMD,0.0023,0.0,0,1
Deadpool & Wolverine,Daft_Funk87,0.0023,0.0,0,1
Deadpool & Wolverine,SagsMcSaggerson,0.0023,0.0,0,1
Deadpool & Wolverine,Far_Adeptness9884,0.0023,0.0,0,1
Deadpool & Wolverine,buddha1822,0.0023,0.0,0,1
Deadpool & Wolverine,itsafraid,0.0023,0.0,0,1
Deadpool & Wolverine,Snoo-6568,0.0023,0.0,0,1
Deadpool & Wolverine,sabo-metrics,0.0023,0.0,0,1
Deadpool & Wolverine,mightycuthalion,0.0023,0.0,0,1
Deadpool & Wolverine,dmintz,0.0023,0.0,0,1
Deadpool & Wolverine,One_Secret4788,0.0023,0.0,0,1
Deadpool & Wolverine,HoboOperative,0.0023,0.0,0,1
Deadpool & Wolverine,DudeWhereIsMyDuduk,0.0023,0.0,0,1
Deadpool & Wolverine,gjamesaustin,0.0023,0.0,0,1
Deadpool & Wolverine,TraptNSuit,0.0023,0.0,0,1
Deadpool & Wolverine,suff0cat,0.0023,0.0,0,1
Deadpool & Wolverine,pamleo65,0.0023,0.0,0,1
Deadpool & Wolverine,MandoRodgers,0.0023,0.0,0,1
Deadpool & Wolverine,4-Vektor,0.0023,0.0,0,1
Deadpool & Wolverine,SyrioForel,0.0023,0.0,0,1
Deadpool & Wolverine,Helmut1642,0.0023,0.0,0,1
Deadpool & Wolverine,hayscodeofficial,0.0023,0.0,0,1
Deadpool & Wolverine,HlyMlyDatAFigDoonga,0.0023,0.0,0,1
Deadpool & Wolverine,yveshe,0.0023,0.0,0,1
Deadpool & Wolverine,jeffmartin47,0.0023,0.0,0,1
Deadpool & Wolverine,ECKohns,0.0023,0.0,0,1
Deadpool & Wolverine,MorseMoose_,0.0023,0.0,0,1
Deadpool & Wolverine,Simbirsk_0451,0.0023,0.0,0,1
Deadpool & Wolverine,Thundershunt,0.0023,0.0,0,1
Deadpool & Wolverine,__kangaroo__,0.0023,0.0,0,1
Deadpool & Wolverine,jimbiboy,0.0023,0.0,0,1
Deadpool & Wolverine,silverfox762,0.0023,0.0,0,1
Deadpool & Wolverine,mikewastaken,0.0023,0.0,0,1
Deadpool & Wolverine,BabyScreamBear,0.0023,0.0,0,1
Deadpool & Wolverine,Sumeriandawn,0.0023,0.0,0,1
Deadpool & Wolverine,shauneaqua,0.0023,0.0,0,1
Deadpool & Wolverine,goodie23,0.0023,0.0,0,1
Deadpool & Wolverine,doeldougie,0.0023,0.0,0,1
Deadpool & Wolverine,karma3000,0.0023,0.0,0,1
Deadpool & Wolverine,moinatx,0.0023,0.0,0,1
Deadpool & Wolverine,Chaotic424242,0.0023,0.0,0,1
Deadpool & Wolverine,kaisserds,0.0023,0.0,0,1
Deadpool & Wolverine,RampDog1,0.0023,0.0,0,1
Deadpool & Wolverine,TheDimery,0.0023,0.0,0,1
Deadpool & Wolverine,ilovelucygal,0.0023,0.0,0,1
Deadpool & Wolverine,Notuglybutkinda,0.0023,0.0,0,1
Deadpool & Wolverine,orwll,0.0023,0.0,0,1
Deadpool & Wolverine,Shreckalicious,0.0023,0.0,0,1
Deadpool & Wolverine,pmish,0.0023,0.0,0,1
Deadpool & Wolverine,tractorneck,0.0023,0.0,0,1
Deadpool & Wolverine,bujweiser,0.0023,0.0,0,1
Deadpool & Wolverine,James_H_M,0.0023,0.0,0,1
Deadpool & Wolverine,honk_incident,0.0023,0.0,0,1
Deadpool & Wolverine,GoldenGramz,0.0023,0.0,0,1
Deadpool & Wolverine,SonnyBurnett189,0.0023,0.0,0,1
Deadpool & Wolverine,Sufficient_Bass2600,0.0023,0.0,1,0
Deadpool & Wolverine,imaximus101,0.0023,0.0,0,1
Deadpool & Wolverine,BehavioralSink,0.0023,0.0,0,1
Deadpool & Wolverine,Zechs-,0.0023,0.0,0,1
Deadpool & Wolverine,CalamlitousAnalysis,0.0023,0.0,0,1
Deadpool & Wolverine,LongJohnSelenium,0.0023,0.0,0,1
Deadpool & Wolverine,Kuze421,0.0023,0.0,0,1
Deadpool & Wolverine,AMasculine,0.0023,0.0,0,1
Deadpool & Wolverine,DiscussionSharp1407,0.0023,0.0,0,1
Deadpool & Wolverine,iovoid,0.0023,0.0,0,1
Deadpool & Wolverine,DFu4ever,0.0023,0.0,0,1
Deadpool & Wolverine,cubicle_adventurer,0.0023,0.0,0,1
Deadpool & Wolverine,MondoUnderground,0.0023,0.0,0,1
Deadpool & Wolverine,Difficult_Fruit8096,0.0023,0.0,0,1
Deadpool & Wolverine,CrazyCons,0.0023,0.0,0,1
Deadpool & Wolverine,Effective_Focus_512,0.0023,0.0,0,1
Deadpool & Wolverine,rubensedu16,0.0023,0.0,0,1
Deadpool & Wolverine,Alternative_Set3290,0.0023,0.0,0,1
Deadpool & Wolverine,One-Earth9294,0.0023,0.0,0,1
Dune 2,[deleted],0.1661,0.1229,27,23
Dune 2,Bluest_waters,0.1628,0.05,48,1
Dune 2,drhavehope,0.1927,0.0384,51,7
Dune 2,Shok3001,0.0465,0.0165,8,6
Dune 2,Kriss-Kringle,0.0332,0.015,4,6
Dune 2,Harryonthest,0.0399,0.0105,9,3
Dune 2,Traditional_Land3933,0.0831,0.0104,21,4
Dune 2,walking_shrub,0.0233,0.0099,3,4
Dune 2,jramsi20,0.0199,0.0095,2,4
Dune 2,FirstLookFinalWord,0.1262,0.0084,36,2
Dune 2,TheCatManPizza,0.0299,0.0072,7,2
Dune 2,Earthpig_Johnson,0.0299,0.0068,4,5
Dune 2,ArabianNightz,0.0066,0.0067,1,1
Dune 2,buckleyschance,0.0133,0.006,2,2
Dune 2,TessTrue,0.0166,0.0059,4,1
Dune 2,habsfreak,0.0133,0.0059,3,1
Dune 2,AugustKellerThinks,0.0598,0.0047,9,9
Dune 2,mltronic,0.01,0.0047,1,2
Dune 2,N7_Charizard,0.0199,0.0045,5,1
Dune 2,XDDDSOFUNNEH,0.01,0.0043,1,2
Dune 2,theotherone55,0.0166,0.0042,3,2
Dune 2,Turbulent-Bee6921,0.0233,0.0037,3,4
Dune 2,chicasparagus,0.0133,0.0036,2,2
Dune 2,Coolbluegatoradeyumm,0.0133,0.0032,3,1
Dune 2,SomeJerkOddball,0.01,0.0028,1,2
Dune 2,-FeistyRabbitSauce-,0.01,0.0027,2,1
Dune 2,WarmestGatorade,0.0166,0.0026,4,1
Dune 2,zestfullybe,0.0133,0.0024,2,2
Dune 2,schapman22,0.0133,0.0023,2,2
Dune 2,ericdraven26,0.0133,0.002,2,2
Dune 2,whatissevenbysix,0.01,0.002,2,1
Dune 2,PointsofReview,0.0332,0.0019,5,5
Dune 2,yautja0117,0.0133,0.0018,2,2
Dune 2,Pjoernrachzarck,0.01,0.0016,1,2
Dune 2,DavidByrnesHugeSuit,0.0066,0.0014,1,1
Dune 2,HankScorpio4242,0.0133,0.0013,2,2
Dune 2,TheWolfAndRaven,0.0066,0.0013,1,1
Dune 2,Imteyimg,0.0066,0.0013,1,1
Dune 2,MovingClocks,0.01,0.0013,2,1
Dune 2,FargoniusMaximus,0.01,0.0013,2,1
Dune 2,adriantoine,0.01,0.0013,2,1
Dune 2,fivetwentyeight,0.0133,0.0008,3,1
Dune 2,BKachur,0.0066,0.0007,1,1
Dune 2,Maxence011,0.0066,0.0007,1,1
Dune 2,tpdwbi,0.0066,0.0007,1,1
Dune 2,BetterNews4682,0.0066,0.0007,1,1
Dune 2,Teehokan,0.0133,0.0007,2,2
Dune 2,bennyb0y,0.01,0.0007,1,2
Dune 2,Decabet,0.0066,0.0007,1,1
Dune 2,Arntown,0.0066,0.0007,1,1
Dune 2,Sketch13,0.0066,0.0007,1,1
Dune 2,huntimir151,0.0066,0.0007,1,1
Dune 2,MARTIEZ,0.01,0.0007,1,2
Dune 2,GuggGugg,0.0066,0.0007,1,1
Dune 2,PM_ME_CRAB_CAKES,0.01,0.0007,1,2
Dune 2,dextro_sch,0.0066,0.0007,1,1
Dune 2,scripzero,0.0066,0.0007,1,1
Dune 2,beautifullyShitter,0.0066,0.0007,1,1
Dune 2,korvus2,0.0066,0.0007,1,1
Dune 2,68plus1equals,0.01,0.0006,2,1
Dune 2,shredystevie,0.0066,0.0006,1,1
Dune 2,KingJacobyaropa,0.01,0.0006,2,1
Dune 2,atramentum,0.01,0.0006,2,1
Dune 2,IcedPgh,0.0233,0.0005,3,4
Dune 2,DrunkenAsparagus,0.01,0.0005,1,2
Dune 2,csrussell92,0.01,0.0004,1,2
Dune 2,RealisticInvite186,0.01,0.0003,2,1
Dune 2,m2thek,0.0133,0.0003,3,1
Dune 2,mikeri99,0.0066,0.0003,1,1
Dune 2,Accomplished-Arm1058,0.0066,0.0003,1,1
Dune 2,Chen_Geller,0.01,0.0003,1,2
Dune 2,kabobkebabkabob,0.0133,0.0002,1,3
Dune 2,fuckitwilldoitlive,0.0133,0.0001,2,2
Dune 2,Bodhrans-Not-Bombs,0.0066,0.0001,1,1
Dune 2,ApothecaryFire,0.0133,0.0001,3,1
Dune 2,escopaul,0.0133,0.0001,2,2
Dune 2,RogerClyneIsAGod2,0.01,0.0001,2,1
Dune 2,Sea_Negotiation_1871,0.01,0.0001,1,2
Dune 2,Shelby71,0.0066,0.0001,1,1
Dune 2,Meb2x,0.0066,0.0001,1,1
Dune 2,Prior_Writing368,0.0066,0.0001,1,1
Dune 2,almo2001,0.0133,0.0,1,3
Dune 2,Traditional_Leader41,0.0066,0.0,1,1
Dune 2,SloppityNurglePox,0.0166,0.0,2,3
Dune 2,DannyBrownCaptivate,0.01,0.0,2,1
Dune 2,KlutzyProfessional8,0.01,0.0,2,1
Dune 2,Arcatus,0.01,0.0,2,1
Dune 2,bone-in_donuts,0.0066,0.0,1,1
Dune 2,Global-Discussion-41,0.01,0.0,2,1
Dune 2,wolfekillian,0.0133,0.0,2,2
Dune 2,ill_logic___,0.01,0.0,1,2
Dune 2,Mexican-Kahtru,0.0066,0.0,1,1
Dune 2,Adequate_Images,0.0066,0.0,1,1
Dune 2,Johnnadawearsglasses,0.0066,0.0,1,1
Dune 2,EmpyrealSorrow,0.0066,0.0,1,1
Dune 2,Mahaloth,0.01,0.0,1,2
Dune 2,arthurdimmesdale,0.0066,0.0,1,1
Dune 2,Iloveindianajones,0.0498,0.0,15,0
Dune 2,royhinckly,0.01,0.0,0,3
Dune 2,azwa96,0.01,0.0,1,2
Dune 2,bluenoser18,0.01,0.0,0,3
Dune 2,dry_yer_eyes,0.01,0.0,1,2
Dune 2,tarc0917,0.01,0.0,2,1
Dune 2,willif86,0.0066,0.0,1,1
Dune 2,cbs1138,0.0066,0.0,0,2
Dune 2,EndoveProduct,0.0066,0.0,1,1
Dune 2,Tonythecritic,0.0066,0.0,0,2
Dune 2,nombernine,0.0066,0.0,1,1
Dune 2,RunDNA,0.0066,0.0,1,1
Dune 2,blueoccult,0.0066,0.0,1,1
Dune 2,ztsb_koneko,0.0066,0.0,0,2
Dune 2,-ramona,0.0066,0.0,0,2
Dune 2,donmuerte,0.0066,0.0,1,1
Dune 2,Free-Stranger1142,0.0066,0.0,0,2
Dune 2,waddiewadkins,0.0066,0.0,0,2
Dune 2,Cute-Combination72,0.0066,0.0,1,1
Dune 2,JJxiv15,0.0066,0.0,1,1
Dune 2,MrCaul,0.0066,0.0,1,1
Dune 2,mylesaway2017,0.0066,0.0,1,1
Dune 2,Johnnnybones,0.0066,0.0,1,1
Dune 2,realisticallygrammat,0.0066,0.0,1,1
Dune 2,SonofSeth13,0.0066,0.0,1,1
Dune 2,PerceptionShift,0.0066,0.0,1,1
Dune 2,Movies_Music_Lover,0.0066,0.0,1,1
Dune 2,jamesflanagangreer,0.0066,0.0,1,1
Dune 2,Phoeptar,0.0066,0.0,1,1
Dune 2,SpectralDinosaur,0.0066,0.0,0,2
Dune 2,jogoso2014,0.0066,0.0,0,2
Dune 2,Yakitori_Grandslam,0.0066,0.0,1,1
Dune 2,Longjumping_Plum_846,0.0066,0.0,2,0
Dune 2,WhereIEndandYoubegin,0.0066,0.0,1,1
Dune 2,yxngangst,0.0066,0.0,1,1
Dune 2,TheStatMan2,0.0066,0.0,0,2
Dune 2,mclarenf101,0.0066,0.0,1,1
Dune 2,Buchephalas,0.0066,0.0,1,1
Dune 2,Happy_Chimp_123,0.0066,0.0,0,2
Dune 2,Bruno_Stachel,0.0066,0.0,1,1
Dune 2,FinePolyesterSlacks,0.0066,0.0,1,1
Dune 2,Primal_Dead,0.0066,0.0,1,1
Dune 2,carlitomarron139,0.0066,0.0,0,2
Dune 2,Possible-Reality4100,0.0066,0.0,1,1
Dune 2,clarenceecho,0.0066,0.0,1,1
Dune 2,SavageRedStorm,0.0033,0.0,0,1
Dune 2,hkfuckyea,0.0033,0.0,0,1
Dune 2,prosperosniece,0.0033,0.0,0,1
Dune 2,ronmsmithjr,0.0033,0.0,0,1
Dune 2,Broadnerd,0.0033,0.0,0,1
Dune 2,Slow_Cinema,0.0033,0.0,1,0
Dune 2,jupiterkansas,0.0033,0.0,0,1
Dune 2,bobbery5,0.0033,0.0,0,1
Dune 2,MatterOk851,0.0033,0.0,0,1
Dune 2,tzulik-,0.0033,0.0,0,1
Dune 2,rufusatrazzmattaz,0.0033,0.0,0,1
Dune 2,Tevesh_CKP,0.0033,0.0,0,1
Dune 2,Jakethrowsdwn,0.0033,0.0,0,1
Dune 2,zieminski,0.0033,0.0,0,1
Dune 2,VirtuesVice666,0.0033,0.0,0,1
Dune 2,Elegant-Hair-7873,0.0033,0.0,0,1
Dune 2,PM_ME_DATASETS,0.0033,0.0,0,1
Dune 2,MopvivII,0.0033,0.0,0,1
Dune 2,ReplaceSelect,0.0033,0.0,0,1
Dune 2,SirPlus,0.0033,0.0,0,1
Dune 2,evilprozac79,0.0033,0.0,0,1
Dune 2,colder-beef,0.0033,0.0,0,1
Dune 2,Individual_Abies_850,0.0033,0.0,0,1
Dune 2,Spirited_Alfalfa_343,0.0033,0.0,0,1
Dune 2,xander6981,0.0033,0.0,0,1
Dune 2,MiddleAgedGeek,0.0033,0.0,1,0
Dune 2,NewMathematician623,0.0033,0.0,0,1
Dune 2,New_Brother_1595,0.0033,0.0,0,1
Dune 2,rotterdamn8,0.0033,0.0,0,1
Dune 2,Faceluck,0.0033,0.0,0,1
Dune 2,PaladinMax,0.0033,0.0,0,1
Dune 2,mormonbatman_,0.0033,0.0,0,1
Dune 2,Jeter0002,0.0033,0.0,0,1
Dune 2,MobWacko1000,0.0033,0.0,0,1
Dune 2,bismarckfairy,0.0033,0.0,0,1
Dune 2,APracticalGal,0.0033,0.0,0,1
Dune 2,TheZoneHereros,0.0033,0.0,0,1
Dune 2,moonra_zk,0.0033,0.0,0,1
Dune 2,numbernumber99,0.0033,0.0,0,1
Dune 2,UGLYSimon,0.0033,0.0,0,1
Dune 2,Mister_Sosotris,0.0033,0.0,0,1
Dune 2,SoothingDisarray,0.0033,0.0,0,1
Dune 2,watchman28,0.0033,0.0,0,1
Dune 2,dowker1,0.0033,0.0,0,1
Dune 2,Main_Caterpillar_146,0.0033,0.0,0,1
Dune 2,AprilTron,0.0033,0.0,0,1
Dune 2,moviesandbasketball,0.0033,0.0,0,1
Dune 2,IndependenceMean8774,0.0033,0.0,0,1
Dune 2,MichaelHalcyon,0.0033,0.0,0,1
Dune 2,TostedAlmond,0.0033,0.0,0,1
Dune 2,Oddgenetix,0.0033,0.0,0,1
Dune 2,wildskipper,0.0033,0.0,0,1
Dune 2,ialwaysfalloverfirst,0.0033,0.0,0,1
Dune 2,Chartate101,0.0033,0.0,0,1
Dune 2,JasonTO,0.0033,0.0,0,1
Dune 2,MentatYP,0.0033,0.0,0,1
Dune 2,Wolfeman0101,0.0033,0.0,0,1
Dune 2,Adius_Omega,0.0033,0.0,0,1
Dune 2,whiteezy,0.0033,0.0,0,1
Dune 2,beachteen,0.0033,0.0,0,1
Dune 2,JrdnRgrs,0.0033,0.0,0,1
Dune 2,IDontCheckMyMail,0.0033,0.0,0,1
Dune 2,selkies24,0.0033,0.0,0,1
Dune 2,a_moss_snake,0.0033,0.0,0,1
Dune 2,mickeyflinn,0.0033,0.0,0,1
Dune 2,Other-Marketing-6167,0.0033,0.0,0,1
Dune 2,Spagetti13,0.0033,0.0,0,1
Dune 2,Proxymelon,0.0033,0.0,0,1
Dune 2,GJacks75,0.0033,0.0,0,1
Dune 2,TheLostLuminary,0.0033,0.0,0,1
Dune 2,gunter_grass,0.0033,0.0,0,1
Dune 2,imdethisforyou,0.0033,0.0,0,1
Dune 2,Flan_man69,0.0033,0.0,0,1
Dune 2,JonPaula,0.0033,0.0,0,1
Dune 2,Flat_Ad3019,0.0033,0.0,0,1
Dune 2,xx4xx,0.0033,0.0,0,1
Dune 2,Djinnwrath,0.0033,0.0,0,1
Dune 2,littlelordfROY,0.0033,0.0,0,1
Dune 2,Reasonable-HB678,0.0033,0.0,0,1
Dune 2,cnot3,0.0033,0.0,0,1
Dune 2,Chippers4242,0.0033,0.0,0,1
Dune 2,NGNSteveTheSamurai,0.0033,0.0,0,1
Dune 2,Krilesh,0.0033,0.0,0,1
Dune 2,KittyMeowKatPishy,0.0033,0.0,0,1
Dune 2,GGAllinsUndies,0.0033,0.0,0,1
Dune 2,Sparrow1989,0.0033,0.0,0,1
Dune 2,coolbrownbear-on,0.0033,0.0,0,1
Dune 2,ebimbib,0.0033,0.0,0,1
Dune 2,tire_swing,0.0033,0.0,0,1
Dune 2,danhibiki337,0.0033,0.0,0,1
Dune 2,chudsworth,0.0033,0.0,0,1
Dune 2,guilty_bystander,0.0033,0.0,0,1
Dune 2,straub42,0.0033,0.0,0,1
Dune 2,Seraph199,0.0033,0.0,0,1
Dune 2,krybtekorset,0.0033,0.0,0,1
Dune 2,vipros42,0.0033,0.0,0,1
Dune 2,TheCowboyIsAnIndian,0.0033,0.0,0,1
Dune 2,horngrylesbian,0.0033,0.0,0,1
Dune 2,Infamous-Lab-8136,0.0033,0.0,0,1
Dune 2,Eugenes_Axe,0.0033,0.0,0,1
Dune 2,arabesuku,0.0033,0.0,0,1
Dune 2,PushTheGooch,0.0033,0.0,0,1
Dune 2,josephthemediocre,0.0033,0.0,0,1
Dune 2,Shdwrptr,0.0033,0.0,0,1
Dune 2,Wedbo,0.0033,0.0,0,1
Dune 2,o_o_o_f,0.0033,0.0,0,1
Dune 2,Ex_Lives,0.0033,0.0,0,1
Dune 2,StrawberryPlucky,0.0033,0.0,0,1
Dune 2,AceTheRed_,0.0033,0.0,0,1
Dune 2,Benjamin_Stark,0.0033,0.0,0,1
Dune 2,iSOBigD,0.0033,0.0,0,1
Dune 2,amhighlyregarded,0.0033,0.0,0,1
Dune 2,shootymcghee,0.0033,0.0,0,1
Dune 2,manofth3match,0.0033,0.0,0,1
Dune 2,EntrepreneurOver5495,0.0033,0.0,0,1
Dune 2,Prestigious_Bit_2571,0.0033,0.0,0,1
Dune 2,thebananaman267,0.0033,0.0,0,1
Dune 2,obesefamily,0.0033,0.0,0,1
Dune 2,Haxorz7125,0.0033,0.0,0,1
Dune 2,MsCandi123,0.0033,0.0,0,1
Dune 2,bloopbleepblorpJr,0.0033,0.0,0,1
Dune 2,NoFocus2240,0.0033,0.0,0,1
Dune 2,munistadium,0.0033,0.0,0,1
Dune 2,Dogbin005,0.0033,0.0,0,1
Dune 2,Alive_Ice7937,0.0033,0.0,0,1
Dune 2,Tosslebugmy,0.0033,0.0,0,1
Dune 2,Professional-Two8098,0.0033,0.0,0,1
Dune 2,matt314159,0.0033,0.0,0,1
Dune 2,bluemidnightrider,0.0033,0.0,0,1
Dune 2,Hobo-man,0.0033,0.0,0,1
Dune 2,ElahaSanctaSedes777,0.0033,0.0,0,1
Dune 2,orionl72,0.0033,0.0,0,1
Dune 2,Astro_gamer_caver,0.0033,0.0,0,1
Dune 2,Relevant_Addendum534,0.0033,0.0,0,1
Dune 2,Inner-Research-662,0.0033,0.0,0,1
Dune 2,ragnarok635,0.0033,0.0,0,1
Dune 2,STL_Tiger21,0.0033,0.0,0,1
Dune 2,Secret-Target-8709,0.0033,0.0,0,1
Dune 2,OzJitsuSD,0.0033,0.0,0,1
Dune 2,pandacorn,0.0033,0.0,0,1
Dune 2,UtahJohnnyMontana,0.0033,0.0,0,1
Dune 2,Chak-Ek,0.0033,0.0,0,1
Dune 2,m0rbius,0.0033,0.0,0,1
Dune 2,Plathismo,0.0033,0.0,0,1
Dune 2,Ian_Storm,0.0033,0.0,0,1
Dune 2,unagi_pi,0.0033,0.0,0,1
Dune 2,LorenzoStomp,0.0033,0.0,0,1
Dune 2,Formal_Cherry_8177,0.0033,0.0,0,1
Dune 2,Qwak8tack,0.0033,0.0,0,1
Dune 2,McDankMeister,0.0033,0.0,0,1
Dune 2,Indrigotheir,0.0033,0.0,0,1
Dune 2,x_lincoln_x,0.0033,0.0,0,1
Dune 2,aroused_axlotl007,0.0033,0.0,0,1
Dune 2,99thLuftballon,0.0033,0.0,0,1
Dune 2,Super901,0.0033,0.0,0,1
Dune 2,atreyu720,0.0033,0.0,0,1
Dune 2,RoastBeefer,0.0033,0.0,0,1
Dune 2,Head_Item6955,0.0033,0.0,0,1
Dune 2,UMK3RunButton,0.0033,0.0,0,1
Dune 2,King_Dirt6782,0.0033,0.0,0,1
