url,author,date,timestamp,title,text,subreddit,score,upvotes,downvotes,up_ratio,total_awards_received,golds,cross_posts,comments,selftext
https://www.reddit.com/r/boxoffice/comments/1lv516h/dune_part_three_officially_begins_production/,SanderSo47,2025-07-09,1752020962,'Dune: Part Three' Officially Begins Production,'Dune: Part Three' Officially Begins Production,boxoffice,747,747,0,0.98,0,0,1,124,
https://www.reddit.com/r/boxoffice/comments/1k3uizl/similar_deal_structures_similar_budgets_one_got/,HotOne9364,2025-04-20,1745177528,Similar deal structures. Similar budgets. One got 2nd place pre-pandemic with more screens. The other got 1st post-pandemic with less screens. And this is the coverage.,Similar deal structures. Similar budgets. One got 2nd place pre-pandemic with more screens. The other got 1st post-pandemic with less screens. And this is the coverage.,boxoffice,747,747,0,0.91,0,0,0,178,
https://www.reddit.com/r/boxoffice/comments/1lxb4hr/charlie_jatinder_superman_should_go_over_300m_dom/,whitemilkythighs,2025-07-11,1752250680,"Charlie Jatinder: [Superman] Should go over $300M DOM, possibly $350M. Overseas seems soft, could be a challenge to hit $600M Worldwide but the more important nos. are DOM, which are superb","Charlie Jatinder: [Superman] Should go over $300M DOM, possibly $350M. Overseas seems soft, could be a challenge to hit $600M Worldwide but the more important nos. are DOM, which are superb",boxoffice,743,743,0,0.93,0,0,0,725,
https://www.reddit.com/r/boxoffice/comments/1no00yi/nobody_2_has_been_pulled_from_release_after_5/,UniverslBoxOfficeGuy,2025-09-22,1758578637,Nobody 2 has been pulled from release after 5 weeks with $21.6M.,Nobody 2 has been pulled from release after 5 weeks with $21.6M.,boxoffice,738,738,0,0.98,0,0,0,200,
https://www.reddit.com/r/boxoffice/comments/1mstymn/warner_bross_superman_grossed_an_estimated_31m/,DemiFiendRSA,2025-08-17,1755444707,"Warner Bros.'s Superman grossed an estimated $3.1M internationally this weekend. Estimated international total stands at $253.6M, estimated global total stands at $594.5M.","Warner Bros.'s Superman grossed an estimated $3.1M internationally this weekend. Estimated international total stands at $253.6M, estimated global total stands at $594.5M.",boxoffice,736,736,0,0.95,0,0,0,713,
https://www.reddit.com/r/boxoffice/comments/1li12m4/sinners_has_surpassed_the_nun_to_become_the_5th/,magikarpcatcher,2025-06-22,1750632828,Sinners has surpassed The Nun to become the 5th highest grossing horror movie of all time worldwide (unadjusted for inflation),Sinners has surpassed The Nun to become the 5th highest grossing horror movie of all time worldwide (unadjusted for inflation),boxoffice,739,739,0,0.96,0,0,0,148,
https://www.reddit.com/r/boxoffice/comments/1rp1nw4/the_fact_that_good_luck_have_fun_dont_die_was/,LifeguardMundane5668,2026-03-09,1773066445,"The fact that Good luck have fun dont die was only made for 20 million is insane. In my opinion, it kinda goes to show that a lot of movies do not justify having such high budgets considering how much this one accomplishes","The fact that Good luck have fun dont die was only made for 20 million is insane. In my opinion, it kinda goes to show that a lot of movies do not justify having such high budgets considering how much this one accomplishes",boxoffice,739,739,0,0.96,0,0,0,141,
https://www.reddit.com/r/boxoffice/comments/1k6220s/warner_bross_sinners_grossed_an_estimated_860m_on/,ChiefLeef22,2025-04-23,1745422183,"Warner Bros.'s Sinners grossed an estimated $8.60M on Tuesday (from 3,308 locations).  Estimated total domestic gross stands at $64.41M.","Warner Bros.'s Sinners grossed an estimated $8.60M on Tuesday (from 3,308 locations). Estimated total domestic gross stands at $64.41M.",boxoffice,742,742,0,0.96,0,0,0,259,
https://www.reddit.com/r/boxoffice/comments/1pmq6e9/supergirl_takes_over_tiktok_for_a_day_on_saturday/,chanma50,2025-12-14,1765749300,"Supergirl Takes Over TikTok for a Day - On Saturday, the new trailer served as the first video for all TikTok users in 13 territories, including the United States. TikTok sees this as a test case that Hollywood studios can utilize to market its movies.","Supergirl Takes Over TikTok for a Day - On Saturday, the new trailer served as the first video for all TikTok users in 13 territories, including the United States. TikTok sees this as a test case that Hollywood studios can utilize to market its movies.",boxoffice,738,738,0,0.92,0,0,0,110,
https://www.reddit.com/r/boxoffice/comments/1k6isev/jatinder_is_saying_200_million_domestic_is_locked/,AGOTFAN,2025-04-24,1745466174,"Jatinder is saying $200 million domestic is locked for Sinners. To fully grasp how momentous this will be, the last original movie to gross $200 million domestic in original run is Coco (2017), and the last original live action to make $200 million domestic in original run is Gravity (2013)","Jatinder is saying $200 million domestic is locked for Sinners. To fully grasp how momentous this will be, the last original movie to gross $200 million domestic in original run is Coco (2017), and the last original live action to make $200 million domestic in original run is Gravity (2013)",boxoffice,734,734,0,0.95,0,0,1,170,
https://www.reddit.com/r/boxoffice/comments/1ndegms/the_battle_to_make_one_battle_after_another/,lowell2017,2025-09-10,1757511512,"The Battle To Make One Battle After Another - Hollywood's Watching Closely To See If Paul Thomas Anderson's Ambitious New Politically Charged Film, Which Reportedly Costs More Than $140M To Make, Would Extend Or Not WB's Hot Streak Of Original, Pricey, Auteur Hits That They've Delivered This Year.","The Battle To Make One Battle After Another - Hollywood's Watching Closely To See If Paul Thomas Anderson's Ambitious New Politically Charged Film, Which Reportedly Costs More Than $140M To Make, Would Extend Or Not WB's Hot Streak Of Original, Pricey, Auteur Hits That They've Delivered This Year.",boxoffice,737,737,0,0.97,0,0,0,192,
https://www.reddit.com/r/boxoffice/comments/1jz427r/borderlands_film_director_blames_flop_on_zoom_and/,gorays21,2025-04-14,1744650344,Borderlands film director blames flop on Zoom and Covid,Borderlands film director blames flop on Zoom and Covid,boxoffice,738,738,0,0.9,0,0,0,202,
https://www.reddit.com/r/boxoffice/comments/1lwboff/75m_international_through_wednesday_for_superman/,chanma50,2025-07-10,1752151157,"$7.5M international through Wednesday for Superman, including some previews. Good in Latin America, Europe is so-so, while Asia is low. On track for a $100M or so opening.","$7.5M international through Wednesday for Superman, including some previews. Good in Latin America, Europe is so-so, while Asia is low. On track for a $100M or so opening.",boxoffice,731,731,0,0.97,0,0,0,556,
https://www.reddit.com/r/boxoffice/comments/1ptzhzp/the_legend_of_aang_the_last_airbender_will_skip/,SignatureOrdinary456,2025-12-23,1766510328,The Legend of Aang: The Last Airbender Will Skip Theaters Releasing on Paramount+ in 2026,The Legend of Aang: The Last Airbender Will Skip Theaters Releasing on Paramount+ in 2026,boxoffice,735,735,0,0.95,0,0,0,520,
https://www.reddit.com/r/boxoffice/comments/1kpmub4/warner_bross_final_destination_bloodlines_debuted/,DemiFiendRSA,2025-05-18,1747582725,Warner Bros.'s Final Destination Bloodlines debuted with an estimated $51.0M internationally.  Estimated global total stands at $102.0M.,Warner Bros.'s Final Destination Bloodlines debuted with an estimated $51.0M internationally. Estimated global total stands at $102.0M.,boxoffice,730,730,0,0.99,0,0,0,122,
https://www.reddit.com/r/boxoffice/comments/1mq335z/superman_crossed_250m_mark_at_international_box/,DemiFiendRSA,2025-08-14,1755183616,Superman crossed $250M mark at international box office last night. Latest totals: $334.8M - Domestic (57%) $250.3M - Intl (43%) $585.1M - Global,Superman crossed $250M mark at international box office last night. Latest totals: $334.8M - Domestic (57%) $250.3M - Intl (43%) $585.1M - Global,boxoffice,732,732,0,0.96,0,0,0,307,
https://www.reddit.com/r/boxoffice/comments/1ke7kz8/looks_like_25m_sat_for_thunderbolts_565m_2_days/,Alive-Ad-5245,2025-05-04,1746319406,Looks like $25M SAT for #Thunderbolts. $56.5M 2 days cume. Weekend headed for $75M or so.,Looks like $25M SAT for #Thunderbolts. $56.5M 2 days cume. Weekend headed for $75M or so.,boxoffice,726,726,0,0.94,0,0,0,491,
https://www.reddit.com/r/boxoffice/comments/1s8alpw/jumanji_4_has_wrapped_filming_in_theaters/,SignatureOrdinary456,2026-03-31,1774923048,Jumanji 4 Has Wrapped Filming. In Theaters December 25th 2026,Jumanji 4 Has Wrapped Filming. In Theaters December 25th 2026,boxoffice,729,729,0,0.94,0,0,0,136,
https://www.reddit.com/r/boxoffice/comments/1qn3yjl/how_paul_feigs_the_housemaid_became_a_300_million/,chanma50,2026-01-26,1769395982,How Paul Feigs The Housemaid Became a $300 Million Box Office Wonder When No One Was Looking - The female-skewing psychological thriller  starring Sydney Sweeney and Amanda Seyfried  has already passed up 'Bridesmaids' to become the top-grossing film of Feig's career in its original run.,How Paul Feigs The Housemaid Became a $300 Million Box Office Wonder When No One Was Looking - The female-skewing psychological thriller  starring Sydney Sweeney and Amanda Seyfried  has already passed up 'Bridesmaids' to become the top-grossing film of Feig's career in its original run.,boxoffice,726,726,0,0.96,0,0,0,129,
https://www.reddit.com/r/boxoffice/comments/1mqc4si/james_gunn_says_superman_is_getting_digital/,darth_vader39,2025-08-14,1755203102,James Gunn Says Superman Is Getting Digital Release So Quickly Because of Peacemaker Season 2; Blockbuster Hits PVOD After Just Over a Month in Theaters,James Gunn Says Superman Is Getting Digital Release So Quickly Because of Peacemaker Season 2; Blockbuster Hits PVOD After Just Over a Month in Theaters,boxoffice,728,728,0,0.94,0,0,0,239,
https://www.reddit.com/r/boxoffice/comments/1rdh1xi/backrooms_official_teaser_hd_a24/,MoneyLibrarian9032,2026-02-24,1771941764,Backrooms | Official Teaser HD | A24,Backrooms | Official Teaser HD | A24,boxoffice,727,727,0,0.97,0,0,0,117,
https://www.reddit.com/r/boxoffice/comments/1p2oj97/rian_johnson_voices_frustration_over_wake_up_dead/,chanma50,2025-11-21,1763697001,"Rian Johnson Voices Frustration Over 'Wake Up Dead Man' Distribution, Encourages Fans to Call Their Local Theaters - For those asking, sadly AMC would not play the movie, its going to be Landmark, Alamo and other chains, he adds.","Rian Johnson Voices Frustration Over 'Wake Up Dead Man' Distribution, Encourages Fans to Call Their Local Theaters - For those asking, sadly AMC would not play the movie, its going to be Landmark, Alamo and other chains, he adds.",boxoffice,725,725,0,0.93,0,0,1,281,
https://www.reddit.com/r/boxoffice/comments/1lvo0ek/the_trailer_for_project_hail_mary_was_viewed_400m/,chanma50,2025-07-09,1752080317,"The trailer for 'Project Hail Mary' was viewed 400M times in 1 week, the most ever for an non-sequel or remake film.","The trailer for 'Project Hail Mary' was viewed 400M times in 1 week, the most ever for an non-sequel or remake film.",boxoffice,722,722,0,0.95,0,0,1,225,
https://www.reddit.com/r/boxoffice/comments/1s6445c/project_hail_marys_53m_2nd_weekend_burns/,magikarpcatcher,2026-03-28,1774713438,Project Hail Marys $53M+ 2nd Weekend Burns Oppenheimer &amp; Dune 2; They Will Kill You Isnt Swinging A Punch With $5M+  Box Office Up,Project Hail Marys $53M+ 2nd Weekend Burns Oppenheimer &amp; Dune 2; They Will Kill You Isnt Swinging A Punch With $5M+  Box Office Up,boxoffice,723,723,0,0.99,0,0,0,132,
https://www.reddit.com/r/boxoffice/comments/1k67szi/sinners_2530m_to_take_another_big_bite_out_of_box/,chanma50,2025-04-23,1745435983,"Sinners ($25-30M) to Take Another Big Bite Out of Box Office, Ben Afflecks Accountant 2 Aims for $25M Debut, Revenge of the Sith Eyes $20-22M, Until Dawn Targets $8-10M","Sinners ($25-30M) to Take Another Big Bite Out of Box Office, Ben Afflecks Accountant 2 Aims for $25M Debut, Revenge of the Sith Eyes $20-22M, Until Dawn Targets $8-10M",boxoffice,722,722,0,0.97,0,0,1,201,
https://www.reddit.com/r/boxoffice/comments/1qzcgfw/marty_supreme_has_crowned_itself_a24s/,chanma50,2026-02-08,1770566041,"Marty Supreme has crowned itself A24s highest-grossing release ever, topping Everything Everywhere All at Once with a $147 million global cume to date.","Marty Supreme has crowned itself A24s highest-grossing release ever, topping Everything Everywhere All at Once with a $147 million global cume to date.",boxoffice,722,722,0,0.95,0,0,0,140,
https://www.reddit.com/r/boxoffice/comments/1lsv3ny/there_hasnt_been_a_more_stressful_release_for/,ElectricWallabyisBak,2025-07-06,1751785613,There hasnt been a more stressful release for Warner Bros. this decade than Superman.,There hasnt been a more stressful release for Warner Bros. this decade than Superman.,boxoffice,720,720,0,0.86,0,0,0,494,
https://www.reddit.com/r/boxoffice/comments/1lnxxmu/per_forbes_sponsorships_and_brand_deals_for_f1/,dremolus,2025-06-30,1751255723,"Per Forbes, sponsorships and brand deals for F1 already brought in $40M for the film","Per Forbes, sponsorships and brand deals for F1 already brought in $40M for the film",boxoffice,720,720,0,0.97,0,0,0,139,
https://www.reddit.com/r/boxoffice/comments/1q6fifp/imax_closes_out_best_year_in_its_history_with/,DemiFiendRSA,2026-01-07,1767792926,IMAX Closes Out Best Year in its History with Record $1.28 Billion at the Global Box Office in 2025,IMAX Closes Out Best Year in its History with Record $1.28 Billion at the Global Box Office in 2025,boxoffice,717,717,0,0.99,0,0,0,56,
https://www.reddit.com/r/boxoffice/comments/1jxf1aa/regal_420_chicken_jockey_showing/,Eyriix,2025-04-12,1744456785,Regal 4/20 Chicken Jockey Showing,Regal 4/20 Chicken Jockey Showing,boxoffice,719,719,0,0.95,0,0,0,191,
https://www.reddit.com/r/boxoffice/comments/1sd49hp/the_drama_is_projected_to_earn_1438_million_in/,chanma50,2026-04-05,1775397341,"The Drama is projected to earn $14.38 million in its opening weekend across 3,087 locations, bringing its global total to an estimated $28 million.","The Drama is projected to earn $14.38 million in its opening weekend across 3,087 locations, bringing its global total to an estimated $28 million.",boxoffice,712,712,0,0.95,0,0,0,221,
https://www.reddit.com/r/boxoffice/comments/1os99hc/looks_like_a_14m_saturday_for_predator_badlands/,chanma50,2025-11-09,1762660186,"Looks like a $14M Saturday for Predator: Badlands. Solid Saturday bump of near 30%. 2 day total of $29.6M, weekend can get close to $40M.","Looks like a $14M Saturday for Predator: Badlands. Solid Saturday bump of near 30%. 2 day total of $29.6M, weekend can get close to $40M.",boxoffice,714,714,0,0.97,0,0,0,156,
https://www.reddit.com/r/boxoffice/comments/1m0jmth/monday_box_office_domestic/,That_Secretary_5423,2025-07-15,1752590630,Monday Box Office (Domestic),Monday Box Office (Domestic),boxoffice,721,721,0,0.96,0,0,0,444,
https://www.reddit.com/r/boxoffice/comments/1r4j8yo/its_mindblowing_how_succesful_2002_was/,Konfliktsnubben,2026-02-14,1771071530,It's mindblowing how succesful 2002 was,It's mindblowing how succesful 2002 was,boxoffice,711,711,0,0.99,0,0,0,164,
https://www.reddit.com/r/boxoffice/comments/1kj1lyy/francis_ford_coppala_explains_why_megalopolis_is/,magikarpcatcher,2025-05-10,1746850214,"Francis Ford Coppala explains why Megalopolis is not out on DVD or streaming yet: ""The film is still being shown in theaters. I dont want anyone to own it. After the election, people are selling out screenings of Megalopolisthe way it was intended to be seen."" Compares it to Apocalypse Now","Francis Ford Coppala explains why Megalopolis is not out on DVD or streaming yet: ""The film is still being shown in theaters. I dont want anyone to own it. After the election, people are selling out screenings ofďż˝Megalopolisthe way it was intended to be seen."" Compares it to Apocalypse Now",boxoffice,722,722,0,0.94,0,0,0,241,
https://www.reddit.com/r/boxoffice/comments/1kdwqvi/thunderbolts_rumbles_towards_165m_global_opening/,ChiefLeef22,2025-05-03,1746289210,Thunderbolts* Rumbles Towards $165M+ Global Opening  International Box Office,Thunderbolts* Rumbles Towards $165M+ Global Opening  International Box Office,boxoffice,718,718,0,0.94,0,0,0,508,
https://www.reddit.com/r/boxoffice/comments/1rt6ngy/the_highestpaid_actors_of_2025_adam_sandler_leads/,chanma50,2026-03-14,1773452973,"The Highest-Paid Actors Of 2025 - Adam Sandler leads with $48M, followed by Tom Cruise ($46M), Mark Wahlberg ($44M), Scarlett Johansson ($43M), and Brad Pitt ($41M).","The Highest-Paid Actors Of 2025 - Adam Sandler leads with $48M, followed by Tom Cruise ($46M), Mark Wahlberg ($44M), Scarlett Johansson ($43M), and Brad Pitt ($41M).",boxoffice,714,714,0,0.97,0,0,0,247,
https://www.reddit.com/r/boxoffice/comments/1lutqfb/f1_raced_past_300m_at_global_and_is_on_track_to/,[deleted],2025-07-08,1751993515,F1 Raced Past $300M at Global and is On Track To Surpass $500M,F1 Raced Past $300M at Global and is On Track To Surpass $500M,boxoffice,712,712,0,0.98,0,0,0,115,
https://www.reddit.com/r/boxoffice/comments/1lyw793/superman_powers_to_217m_global_opening_jurassic/,[deleted],2025-07-13,1752422056,Superman Powers To $217M Global Opening; Jurassic World Rebirth Roars Past $500M; Lilo &amp; Stitch Soon To Sew Up $1B WW,Superman Powers To $217M Global Opening; Jurassic World Rebirth Roars Past $500M; Lilo &amp; Stitch Soon To Sew Up $1B WW,boxoffice,709,709,0,0.97,0,0,1,378,
https://www.reddit.com/r/boxoffice/comments/1l6f9b9/warner_bros_legendarys_a_minecraft_movie_has/,DemiFiendRSA,2025-06-08,1749397522,"Warner Bros. &amp; Legendary's A Minecraft Movie has passed the $950M global mark.

Estimated international total stands at $527.8M, estimated global total stands at $951.4M.","Warner Bros. &amp; Legendary's A Minecraft Movie has passed the $950M global mark. Estimated international total stands at $527.8M, estimated global total stands at $951.4M.",boxoffice,712,712,0,0.97,0,0,0,106,
https://www.reddit.com/r/boxoffice/comments/1phhriq/paramount_promises_to_release_30_films_annually/,keritro,2025-12-08,1765213292,Paramount Promises To Release 30+ Films Annually If It Acquires Warner Bros: Were Going To Satisfy The Needs Of The Moviegoing Public,Paramount Promises To Release 30+ Films Annually If It Acquires Warner Bros: Were Going To Satisfy The Needs Of The Moviegoing Public,boxoffice,713,713,0,0.9,0,0,0,401,
https://www.reddit.com/r/boxoffice/comments/1mdc311/marvels_next_moves_black_panther_3_and_a_young/,mcfw31,2025-07-30,1753894917,Marvels Next Moves: Black Panther 3 and a Young X-Men Cast to Keep the Cost Down; Blade and Deadpool 4 Are Lower Priorities,Marvels Next Moves: Black Panther 3 and a Young X-Men Cast to Keep the Cost Down; Blade and Deadpool 4 Are Lower Priorities,boxoffice,707,707,0,0.95,0,0,0,559,
https://www.reddit.com/r/boxoffice/comments/1m6pr9z/the_fantastic_four_first_steps_expected_to_be_big/,chanma50,2025-07-22,1753217396,"The Fantastic Four: First Steps Expected To Be Big With $190M-$210M Global Box Office Opening ($100-110M Domestic, $90-100M Overseas)  Preview","The Fantastic Four: First Steps Expected To Be Big With $190M-$210M Global Box Office Opening ($100-110M Domestic, $90-100M Overseas)  Preview",boxoffice,706,706,0,0.94,0,0,0,224,
https://www.reddit.com/r/boxoffice/comments/1s3w8jc/project_hail_mary_sequel_not_out_of_the_question/,chanma50,2026-03-26,1774494888,"Project Hail Mary Sequel Not Out of the Question As Ryan Gosling Movie Rockets Into Potential Franchise Territory - Andy Weir's in the driver's seat as to whether there will be a 2nd book, but the stars seem to be aligning for Amazon MGM as it becomes the 1st new major Hollywood studio in decades.","Project Hail Mary Sequel Not Out of the Question As Ryan Gosling Movie Rockets Into Potential Franchise Territory - Andy Weir's in the driver's seat as to whether there will be a 2nd book, but the stars seem to be aligning for Amazon MGM as it becomes the 1st new major Hollywood studio in decades.",boxoffice,711,711,0,0.95,0,0,0,236,
https://www.reddit.com/r/boxoffice/comments/1o65h6u/anora_open_in_limited_theaters_last_year_this/,AGOTFAN,2025-10-14,1760414402,"ANORA open in limited theaters last year this weekend. Written and directed by Sean Baker, the original movie grossed $58.2 million against $6 million budget. It won 5 Oscar and made Sean Baker the first ever person to win 4 Oscar in one ceremony for a single film.","ANORA open in limited theaters last year this weekend. Written and directed by Sean Baker, the original movie grossed $58.2 million against $6 million budget. It won 5 Oscar and made Sean Baker the first ever person to win 4 Oscar in one ceremony for a single film.",boxoffice,707,707,0,0.94,0,0,0,201,
https://www.reddit.com/r/boxoffice/comments/1m58qn9/gitesh_pandya_source_tells_me_superman_on_track/,AGOTFAN,2025-07-21,1753069752,"Gitesh Pandya: Source tells me #Superman on track to finish domestic SUN about $1M ABOVE studio estimate! That would be roughly $18.5M, down 20% from SAT vs est of -25%. SUN-to-SUN decline would be only 41% instead of 44%. Super hold! 2nd wknd #boxoffice would be around $58.2M for 53% drop!","Gitesh Pandya: Source tells me #Superman on track to finish domestic SUN about $1M ABOVE studio estimate! That would be roughly $18.5M, down 20% from SAT vs est of -25%. SUN-to-SUN decline would be only 41% instead of 44%. Super hold! 2nd wknd #boxoffice would be around $58.2M for 53% drop!",boxoffice,705,705,0,0.93,0,0,0,237,
https://www.reddit.com/r/boxoffice/comments/1m1frjh/box_office_superman_aims_for_5562_million_50_to/,chanma50,2025-07-16,1752680072,Box Office: Superman Aims for $55-62 Million (-50% to -55%) in Second Weekend,Box Office: Superman Aims for $55-62 Million (-50% to -55%) in Second Weekend,boxoffice,701,701,0,0.96,0,0,0,338,
https://www.reddit.com/r/boxoffice/comments/1qwun80/1m_club_wednesday_1_iron_lung_17m_2_send_help_15m/,DeppStepp,2026-02-05,1770319055,$1M CLUB: WEDNESDAY 1. IRON LUNG ($1.7M) 2. SEND HELP ($1.5M),$1M CLUB: WEDNESDAY 1. IRON LUNG ($1.7M) 2. SEND HELP ($1.5M),boxoffice,699,699,0,0.98,0,0,0,121,
https://www.reddit.com/r/boxoffice/comments/1nmunqy/i_said_god_damn_the_conjuring_last_rights_scored/,vibetildawn,2025-09-21,1758467837,I said GOD DAMN! THE CONJURING: LAST RIGHTS scored another $41.3M worldwide this weekend... and joined the $400M Club. Insane numbers for a quadquel.,I said GOD DAMN! THE CONJURING: LAST RIGHTS scored another $41.3M worldwide this weekend... and joined the $400M Club. Insane numbers for a quadquel.,boxoffice,706,706,0,0.96,0,0,0,99,
https://www.reddit.com/r/boxoffice/comments/1nq64zj/avatar_fire_and_ash_new_trailer/,mobpiecedunchaindan,2025-09-25,1758805248,Avatar: Fire and Ash | New Trailer,Avatar: Fire and Ash | New Trailer,boxoffice,705,705,0,0.92,0,0,1,379,
